date,close,high,low,open,status,volume
2015-01-01 19:00:00,27.3325,27.86,26.8375,27.8475,ok,212818504
2015-01-04 19:00:00,26.5625,27.1625,26.3525,27.0725,ok,257141964
2015-01-05 19:00:00,26.565,26.8575,26.1575,26.635,ok,263188464
2015-01-06 19:00:00,26.9375,27.05,26.67375,26.8,ok,160423736
2015-01-07 19:00:00,27.9725,28.0375,27.175,27.3075,ok,237458188
2015-01-08 19:00:00,28.0025,28.3125,27.5525,28.1675,ok,214798108
2015-01-11 19:00:00,27.3125,28.1575,27.2,28.15,ok,198603160
2015-01-12 19:00:00,27.555,28.2,27.2275,27.8575,ok,268367712
2015-01-13 19:00:00,27.45,27.6225,27.125,27.26,ok,195826352
2015-01-14 19:00:00,26.705,27.515,26.665,27.5,ok,240055984
2015-01-15 19:00:00,26.4975,26.895,26.3,26.7575,ok,314053380
2015-01-19 19:00:00,27.18,27.216675,26.625,26.96,ok,199599628
2015-01-20 19:00:00,27.3875,27.765,27.0675,27.2375,ok,194303588
2015-01-21 19:00:00,28.1,28.1175,27.43,27.565,ok,215185636
2015-01-22 19:00:00,28.245,28.4375,27.8825,28.075,ok,185859312
2015-01-25 19:00:00,28.275,28.59065,28.2,28.435,ok,222459916
2015-01-26 19:00:00,27.285,28.12,27.2575,28.105,ok,382274996
2015-01-27 19:00:00,28.8275,29.53,28.8275,29.40625,ok,585908252
2015-01-28 19:00:00,29.725,29.7975,28.89,29.08,ok,337745728
2015-01-29 19:00:00,29.29,30.0,29.2125,29.6,ok,334981844
2015-02-01 19:00:00,29.6575,29.7925,29.02,29.5125,ok,250956400
2015-02-02 19:00:00,29.6625,29.7725,29.4025,29.625,ok,207662996
2015-02-03 19:00:00,29.89,30.1275,29.57725,29.625,ok,280598972
2015-02-04 19:00:00,29.985,30.0575,29.8125,30.005,ok,168984980
2015-02-05 19:00:00,29.7325,30.0625,29.6125,30.005,ok,174826268
2015-02-08 19:00:00,29.93,29.96,29.6075,29.6375,ok,155559188
2015-02-09 19:00:00,30.505,30.5375,30.04,30.0425,ok,248034024
2015-02-10 19:00:00,31.22,31.23,30.625,30.6925,ok,294247188
2015-02-11 19:00:00,31.615,31.87,31.3925,31.515,ok,297897864
2015-02-12 19:00:00,31.77,31.82,31.4125,31.82,ok,217088876
2015-02-16 19:00:00,31.9575,32.22,31.73,31.8725,ok,252609620
2015-02-17 19:00:00,32.17875,32.195,31.8625,31.90625,ok,179566948
2015-02-18 19:00:00,32.1125,32.2575,32.0825,32.12,ok,149449524
2015-02-19 19:00:00,32.37375,32.375,32.0125,32.155,ok,195793676
2015-02-22 19:00:00,33.25,33.25,32.415,32.505,ok,283896440
2015-02-23 19:00:00,33.0425,33.4,32.7925,33.235,ok,276912520
2015-02-24 19:00:00,32.1975,32.9,32.0375,32.89,ok,298846984
2015-02-25 19:00:00,32.60375,32.7175,31.6525,32.19625,ok,365150116
2015-02-26 19:00:00,32.115,32.6425,32.06,32.5,ok,248059388
2015-03-01 19:00:00,32.2725,32.57,32.075,32.3125,ok,192386652
2015-03-02 19:00:00,32.34,32.38,32.0225,32.24,ok,151265132
2015-03-03 19:00:00,32.135,32.39,32.08,32.275,ok,126665360
2015-03-04 19:00:00,31.6025,32.1875,31.44,32.145,ok,226068584
2015-03-05 19:00:00,31.65,32.3425,31.565,32.1,ok,291368240
2015-03-08 20:00:00,31.785,32.3925,31.265,31.99,ok,354113948
2015-03-09 20:00:00,31.1275,31.805,30.95,31.6025,ok,275426328
2015-03-10 20:00:00,30.56,31.1925,30.5275,31.1875,ok,275755896
2015-03-11 20:00:00,31.1125,31.225,30.4075,30.5775,ok,193450876
2015-03-12 20:00:00,30.8975,31.348775,30.645,31.1,ok,207309132
2015-03-15 20:00:00,31.2375,31.2375,30.7175,30.97,ok,143497200
2015-03-16 20:00:00,31.76,31.83,31.4125,31.475,ok,204092416
2015-03-17 20:00:00,32.1175,32.29,31.5925,31.75,ok,261083780
2015-03-18 20:00:00,31.87375,32.311275,31.85,32.1875,ok,183237960
2015-03-19 20:00:00,31.475,32.1,31.29,32.0625,ok,274780544
2015-03-22 20:00:00,31.8025,31.9625,31.63,31.78,ok,150838696
2015-03-23 20:00:00,31.6725,32.01,31.64,31.8075,ok,131369216
2015-03-24 20:00:00,30.845,31.705,30.845,31.635,ok,206620708
2015-03-25 20:00:00,31.06,31.22,30.65,30.69,ok,190291476
2015-03-26 20:00:00,30.8125,31.175,30.7275,31.1425,ok,158184604
2015-03-29 20:00:00,31.5925,31.6,31.0,31.0125,ok,188398680
2015-03-30 20:00:00,31.1075,31.6225,31.08875,31.5225,ok,168362212
2015-03-31 20:00:00,31.0625,31.28,30.775,31.205,ok,162485748
2015-04-01 20:00:00,31.33,31.39,31.0475,31.2575,ok,128880524
2015-04-05 20:00:00,31.8375,31.8775,31.0825,31.1175,ok,148775900
2015-04-06 20:00:00,31.5025,32.03045,31.495,31.91,ok,140049072
2015-04-07 20:00:00,31.4,31.6,31.2425,31.4625,ok,149316972
2015-04-08 20:00:00,31.64,31.645,31.165,31.4625,ok,129935896
2015-04-09 20:00:00,31.775,31.8025,31.315,31.4875,ok,160751812
2015-04-12 20:00:00,31.7125,32.1425,31.6525,32.0925,ok,145460492
2015-04-13 20:00:00,31.575,31.8225,31.4775,31.75,ok,102098372
2015-04-14 20:00:00,31.695,31.7825,31.5025,31.6025,ok,115881676
2015-04-15 20:00:00,31.5425,31.775,31.5275,31.57,ok,113475948
2015-04-16 20:00:00,31.1875,31.535,31.115,31.3875,ok,207828184
2015-04-19 20:00:00,31.9,32.03,31.2925,31.3925,ok,188217240
2015-04-20 20:00:00,31.7275,32.05,31.6675,32.025,ok,129740228
2015-04-21 20:00:00,32.155,32.2175,31.58,31.7475,ok,150618020
2015-04-22 20:00:00,32.4175,32.605,32.035,32.075,ok,183083608
2015-04-23 20:00:00,32.57,32.6575,32.3075,32.6225,ok,178103620
2015-04-26 20:00:00,33.1625,33.2825,32.7875,33.0775,ok,387816828
2015-04-27 20:00:00,32.64,33.635,32.3925,33.61375,ok,475695880
2015-04-28 20:00:00,32.16,32.8975,32.075,32.54,ok,253544332
2015-04-29 20:00:00,31.2875,31.97,31.145,31.875,ok,332781692
2015-04-30 20:00:00,32.2375,32.5325,31.325,31.525,ok,234050552
2015-05-03 20:00:00,32.175,32.6425,32.065,32.375,ok,203953112
2015-05-04 20:00:00,31.45,32.11245,31.445,32.0375,ok,197085664
2015-05-05 20:00:00,31.2525,31.6875,30.84,31.64,ok,288564040
2015-05-06 20:00:00,31.315,31.52,31.005,31.1925,ok,175763580
2015-05-07 20:00:00,31.905,31.905,31.5275,31.67,ok,222201528
2015-05-10 20:00:00,31.58,31.89,31.40625,31.8475,ok,168143028
2015-05-11 20:00:00,31.46625,31.72,31.205,31.4,ok,192640128
2015-05-12 20:00:00,31.5025,31.7975,31.4675,31.5375,ok,138776940
2015-05-13 20:00:00,32.2375,32.2375,31.79,31.8525,ok,180813824
2015-05-14 20:00:00,32.1925,32.3725,32.0525,32.2675,ok,152832136
2015-05-17 20:00:00,32.5475,32.68,32.09,32.095,ok,203531672
2015-05-18 20:00:00,32.5175,32.72,32.41,32.6725,ok,178532960
2015-05-19 20:00:00,32.515,32.745,32.335,32.5,ok,145819728
2015-05-20 20:00:00,32.8475,32.9075,32.4575,32.5175,ok,158921456
2015-05-21 20:00:00,33.135,33.2425,32.85,32.9,ok,182383888
2015-05-25 20:00:00,32.405,33.2275,32.28,33.15,ok,282790240
2015-05-26 20:00:00,33.01125,33.065,32.5125,32.585,ok,183332984
2015-05-27 20:00:00,32.945,32.9875,32.775,32.965,ok,122933236
2015-05-28 20:00:00,32.57,32.8625,32.475,32.8075,ok,203537808
2015-05-31 20:00:00,32.63375,32.8475,32.5125,32.8,ok,128451188
2015-06-01 20:00:00,32.49,32.66375,32.33,32.465,ok,134670508
2015-06-02 20:00:00,32.53,32.735,32.475,32.665,ok,123934168
2015-06-03 20:00:00,32.34,32.645,32.2275,32.395,ok,153800472
2015-06-04 20:00:00,32.1625,32.4225,32.09,32.375,ok,142507200
2015-06-07 20:00:00,31.95,32.3025,31.7075,32.225,ok,210699144
2015-06-08 20:00:00,31.855,32.02,31.405,31.675,ok,224301680
2015-06-09 20:00:00,32.22,32.335,31.9625,31.98,ok,156349000
2015-06-10 20:00:00,32.1475,32.545,32.11875,32.295,ok,141563548
2015-06-11 20:00:00,31.7925,32.0825,31.7775,32.04625,ok,147544984
2015-06-14 20:00:00,31.73,31.81,31.4275,31.525,ok,175955784
2015-06-15 20:00:00,31.9,31.9625,31.5925,31.7575,ok,125976524
2015-06-16 20:00:00,31.825,31.97,31.685,31.93,ok,131672284
2015-06-17 20:00:00,31.97,32.0775,31.805,31.8075,ok,141628880
2015-06-18 20:00:00,31.65,31.955,31.6,31.9275,ok,218867548
2015-06-21 20:00:00,31.9025,32.015,31.77,31.8725,ok,136157380
2015-06-22 20:00:00,31.7575,31.9025,31.7198,31.87,ok,121075452
2015-06-23 20:00:00,32.0275,32.45,31.78,31.8025,ok,221123420
2015-06-24 20:00:00,31.875,32.3,31.875,32.215,ok,127752400
2015-06-25 20:00:00,31.6875,31.9975,31.6275,31.9175,ok,176267364
2015-06-28 20:00:00,31.1325,31.6175,31.12,31.365,ok,196645708
2015-06-29 20:00:00,31.35625,31.53,31.215,31.3925,ok,177482728
2015-06-30 20:00:00,31.65,31.735,31.4975,31.725,ok,120955244
2015-07-01 20:00:00,31.61,31.6725,31.4425,31.6075,ok,108843808
2015-07-05 20:00:00,31.5,31.5575,31.2125,31.235,ok,112241724
2015-07-06 20:00:00,31.4225,31.5375,30.9425,31.4725,ok,187787244
2015-07-07 20:00:00,30.6425,31.16,30.635,31.12,ok,243046456
2015-07-08 20:00:00,30.0175,31.015,29.805,30.9625,ok,314380152
2015-07-09 20:00:00,30.82,30.9625,30.3025,30.485,ok,245417896
2015-07-12 20:00:00,31.415,31.43875,31.08,31.2575,ok,165762152
2015-07-13 20:00:00,31.4025,31.5925,31.26,31.51,ok,127072556
2015-07-14 20:00:00,31.705,31.7875,31.395,31.43,ok,134596800
2015-07-15 20:00:00,32.1275,32.1425,31.8375,31.935,ok,144889788
2015-07-16 20:00:00,32.405,32.405,32.0775,32.27,ok,184658840
2015-07-19 20:00:00,33.0175,33.2425,32.675,32.7425,ok,235600812
2015-07-20 20:00:00,32.6875,33.23,32.58,33.2125,ok,307025708
2015-07-21 20:00:00,31.305,31.375,30.4975,30.4975,ok,461802428
2015-07-22 20:00:00,31.29,31.7725,31.265,31.55,ok,203997808
2015-07-23 20:00:00,31.125,31.435,30.975,31.33,ok,168649328
2015-07-26 20:00:00,30.6925,30.9025,30.53,30.7725,ok,177822160
2015-07-27 20:00:00,30.845,30.9775,30.6375,30.845,ok,134472388
2015-07-28 20:00:00,30.7475,30.875,30.5675,30.7875,ok,148046612
2015-07-29 20:00:00,30.5925,30.642475,30.4275,30.58,ok,134513072
2015-07-30 20:00:00,30.325,30.660625,30.2275,30.65,ok,171539812
2015-08-02 20:00:00,29.61,30.6425,29.38,30.375,ok,279903872
2015-08-03 20:00:00,28.66,29.425,28.3125,29.355,ok,496554492
2015-08-04 20:00:00,28.85,29.36,28.025,28.2375,ok,397250452
2015-08-05 20:00:00,28.7825,29.125,28.52875,28.9925,ok,211612160
2015-08-06 20:00:00,28.88,29.0625,28.625,28.645,ok,154681620
2015-08-09 20:00:00,29.93,29.9975,29.1325,29.1325,ok,219806388
2015-08-10 20:00:00,28.3725,29.545,28.3325,29.4525,ok,388331256
2015-08-11 20:00:00,28.81,28.855,27.4075,28.1325,ok,406742440
2015-08-12 20:00:00,28.7875,29.1,28.635,29.01,ok,194143156
2015-08-13 20:00:00,28.99,29.0775,28.5025,28.58,ok,171718064
2015-08-16 20:00:00,29.29,29.4125,28.875,29.01,ok,163538980
2015-08-17 20:00:00,29.125,29.36,29.0025,29.1075,ok,138242832
2015-08-18 20:00:00,28.7525,29.13,28.67,29.025,ok,193146040
2015-08-19 20:00:00,28.1625,28.5875,27.9075,28.52,ok,274006488
2015-08-20 20:00:00,26.44,27.975,26.41125,27.6075,ok,513101884
2015-08-23 20:00:00,25.78,27.2,23.0,23.7175,ok,648825168
2015-08-24 20:00:00,25.935,27.7775,25.875,27.7775,ok,414406396
2015-08-25 20:00:00,27.4225,27.4725,26.2625,26.77125,ok,387098444
2015-08-26 20:00:00,28.23,28.31,27.505,28.0575,ok,338464224
2015-08-27 20:00:00,28.3225,28.3275,27.885,28.0425,ok,212657628
2015-08-30 20:00:00,28.19,28.6325,28.0,28.0075,ok,224917084
2015-08-31 20:00:00,26.93,27.97,26.84,27.5375,ok,307383440
2015-09-01 20:00:00,28.085,28.085,27.28275,27.5575,ok,247555248
2015-09-02 20:00:00,27.5925,28.195,27.51,28.1225,ok,212935760
2015-09-03 20:00:00,27.3175,27.6125,27.1275,27.2425,ok,199985244
2015-09-07 20:00:00,28.0775,28.14,27.58,27.9125,ok,219374504
2015-09-08 20:00:00,27.5375,28.505,27.4425,28.44,ok,340043216
2015-09-09 20:00:00,28.1425,28.320625,27.475,27.5675,ok,251571324
2015-09-10 20:00:00,28.5525,28.5525,27.94,27.9475,ok,199661892
2015-09-13 20:00:00,28.8275,29.2225,28.715,29.145,ok,233453724
2015-09-14 20:00:00,29.07,29.1325,28.605,28.9825,ok,173364620
2015-09-15 20:00:00,29.1025,29.135,28.86,29.0625,ok,148693956
2015-09-16 20:00:00,28.48,29.1225,28.42875,28.915,ok,256450564
2015-09-17 20:00:00,28.3625,28.575,27.9675,28.0525,ok,297141164
2015-09-20 20:00:00,28.8025,28.8425,28.415,28.4175,ok,200887860
2015-09-21 20:00:00,28.35,28.545,28.130025,28.345,ok,201384636
2015-09-22 20:00:00,28.58,28.68,28.325,28.4075,ok,143026864
2015-09-23 20:00:00,28.75,28.875,28.0925,28.3125,ok,200877900
2015-09-24 20:00:00,28.6775,29.1725,28.505,29.11,ok,224607704
2015-09-27 20:00:00,28.11,28.6425,28.11,28.4625,ok,208436044
2015-09-28 20:00:00,27.265,28.3775,26.965,28.2075,ok,293461536
2015-09-29 20:00:00,27.575,27.885,27.1825,27.5425,ok,265892132
2015-09-30 20:00:00,27.395,27.405,26.8275,27.2675,ok,255716400
2015-10-01 20:00:00,27.595,27.7534,26.8875,27.0025,ok,232079032
2015-10-04 20:00:00,27.695,27.84245,27.2675,27.47,ok,208258972
2015-10-05 20:00:00,27.8275,27.935,27.44125,27.6575,ok,195427908
2015-10-06 20:00:00,27.695,27.9425,27.3525,27.935,ok,187062200
2015-10-07 20:00:00,27.375,27.5475,27.0525,27.5475,ok,247918308
2015-10-08 20:00:00,28.03,28.07,27.3725,27.5,ok,211064560
2015-10-11 20:00:00,27.9,28.1875,27.86,28.1825,ok,121868816
2015-10-12 20:00:00,27.9475,28.1125,27.67,27.705,ok,132197024
2015-10-13 20:00:00,27.5525,27.88,27.39,27.8225,ok,177849796
2015-10-14 20:00:00,27.965,28.025,27.6225,27.7325,ok,150693808
2015-10-15 20:00:00,27.76,28.0,27.6325,27.945,ok,156930436
2015-10-18 20:00:00,27.9325,27.9375,27.5275,27.7,ok,119036612
2015-10-19 20:00:00,28.4425,28.5425,27.705,27.835,ok,195871052
2015-10-20 20:00:00,28.44,28.895,28.425,28.5,ok,169307896
2015-10-21 20:00:00,28.875,28.875,28.525,28.5825,ok,166616356
2015-10-22 20:00:00,29.77,29.807,29.0825,29.175,ok,237467656
2015-10-25 20:00:00,28.82,29.5325,28.73,29.52,ok,265335124
2015-10-26 20:00:00,28.6375,29.135,28.4975,28.85,ok,279537600
2015-10-27 20:00:00,29.8175,29.825,29.015,29.2325,ok,342205408
2015-10-28 20:00:00,30.1325,30.1725,29.5675,29.675,ok,204909336
2015-10-29 20:00:00,29.875,30.305,29.8625,30.2475,ok,197461016
2015-11-01 19:00:00,30.295,30.34,29.9025,29.9675,ok,128813068
2015-11-02 19:00:00,30.6425,30.8725,30.175,30.1975,ok,182075904
2015-11-03 19:00:00,30.5,30.955,30.405,30.7825,ok,179544200
2015-11-04 19:00:00,30.23,30.6725,30.045,30.4625,ok,158210720
2015-11-05 19:00:00,30.265,30.4525,30.155,30.2775,ok,132169132
2015-11-08 19:00:00,30.1425,30.4525,30.0125,30.24,ok,135485620
2015-11-09 19:00:00,29.1925,29.5175,29.01525,29.225,ok,236511724
2015-11-10 19:00:00,29.0275,29.355,28.8025,29.0925,ok,180871884
2015-11-11 19:00:00,28.93,29.205,28.9125,29.065,ok,130102316
2015-11-12 19:00:00,28.085,28.8925,28.0675,28.8,ok,183249612
2015-11-15 19:00:00,28.54375,28.56,27.75,27.845,ok,152426804
2015-11-16 19:00:00,28.4225,28.7625,28.33,28.73,ok,110467756
2015-11-17 19:00:00,29.3225,29.3725,28.875,28.94,ok,186698788
2015-11-18 19:00:00,29.695,29.9375,29.19,29.41,ok,173183280
2015-11-19 19:00:00,29.825,29.98,29.7125,29.8,ok,137148384
2015-11-22 19:00:00,29.4375,29.9325,29.335,29.8175,ok,129930112
2015-11-23 19:00:00,29.72,29.8375,29.28,29.3325,ok,171212688
2015-11-24 19:00:00,29.5075,29.8075,29.48,29.8025,ok,85553232
2015-11-26 19:00:00,29.4525,29.6025,29.4,29.5725,ok,52185780
2015-11-29 19:00:00,29.575,29.8525,29.4375,29.4975,ok,156721288
2015-11-30 19:00:00,29.335,29.7025,29.215,29.6875,ok,139409496
2015-12-01 19:00:00,29.07,29.5275,29.02,29.2625,ok,133546252
2015-12-02 19:00:00,28.8,29.1975,28.555,29.1375,ok,166278036
2015-12-03 19:00:00,29.7575,29.8125,28.7775,28.8225,ok,231107908
2015-12-06 19:00:00,29.57,29.965,29.4525,29.745,ok,128336996
2015-12-07 19:00:00,29.5575,29.65,29.215,29.38,ok,137237800
2015-12-08 19:00:00,28.905,29.4225,28.77,29.41,ok,185445428
2015-12-09 19:00:00,29.0425,29.235,28.8775,29.01,ok,116850908
2015-12-10 19:00:00,28.295,28.8475,28.21275,28.7975,ok,187544644
2015-12-13 19:00:00,28.12,28.17,27.4475,28.045,ok,260014436
2015-12-14 19:00:00,27.6225,28.2,27.5875,27.985,ok,213292420
2015-12-15 19:00:00,27.835,27.9975,27.2,27.7675,ok,224953868
2015-12-16 19:00:00,27.245,28.0625,27.245,28.005,ok,179091308
2015-12-17 19:00:00,26.5075,27.38,26.4525,27.2275,ok,385813308
2015-12-20 19:00:00,26.8325,26.8425,26.3925,26.82,ok,190362440
2015-12-21 19:00:00,26.8075,26.93,26.61275,26.85,ok,131157468
2015-12-22 19:00:00,27.1525,27.2125,26.8,26.8175,ok,130629416
2015-12-23 19:00:00,27.0075,27.25,26.9875,27.25,ok,54386720
2015-12-27 19:00:00,26.705,26.9225,26.545175,26.8975,ok,106816840
2015-12-28 19:00:00,27.185,27.3575,26.715,26.74,ok,123724972
2015-12-29 19:00:00,26.83,27.175,26.795,27.145,ok,100855108
2015-12-30 19:00:00,26.315,26.7575,26.205,26.7525,ok,163649264
2016-01-03 19:00:00,26.3375,26.342,25.5,25.6525,ok,270597548
2016-01-04 19:00:00,25.6775,26.4625,25.6025,26.4375,ok,223163968
2016-01-05 19:00:00,25.175,25.5925,24.9675,25.14,ok,273829552
2016-01-06 19:00:00,24.1125,25.0325,24.1075,24.67,ok,324377712
2016-01-07 19:00:00,24.24,24.7775,24.19,24.6375,ok,283192064
2016-01-10 19:00:00,24.6325,24.765,24.335,24.7425,ok,198957508
2016-01-11 19:00:00,24.99,25.1725,24.709975,25.1375,ok,196616908
2016-01-12 19:00:00,24.3475,25.2975,24.325,25.08,ok,249758524
2016-01-13 19:00:00,24.88,25.12,23.935,24.49,ok,252680508
2016-01-14 19:00:00,24.2825,24.4275,23.84,24.05,ok,319335564
2016-01-18 19:00:00,24.165,24.6625,23.875,24.6025,ok,212350988
2016-01-19 19:00:00,24.1975,24.547425,23.355,23.775,ok,289337664
2016-01-20 19:00:00,24.075,24.47,23.735,24.265,ok,208645852
2016-01-21 19:00:00,25.355,25.365,24.5925,24.6575,ok,263201868
2016-01-24 19:00:00,24.86,25.3825,24.8025,25.38,ok,207178100
2016-01-25 19:00:00,24.9975,25.22,24.5175,24.9825,ok,300308008
2016-01-26 19:00:00,23.355,24.157225,23.335,24.01,ok,533478696
2016-01-27 19:00:00,23.5225,23.63,23.0975,23.4475,ok,222715300
2016-01-28 19:00:00,24.335,24.335,23.5875,23.6975,ok,257666016
2016-01-31 19:00:00,24.1075,24.1775,23.85,24.1175,ok,163774164
2016-02-01 19:00:00,23.62,24.01,23.57,23.855,ok,149428860
2016-02-02 19:00:00,24.0875,24.21,23.52,23.75,ok,183857176
2016-02-03 19:00:00,24.15,24.3325,23.7975,23.965,ok,185886608
2016-02-04 19:00:00,23.505,24.23,23.4225,24.13,ok,185672256
2016-02-07 19:00:00,23.7525,23.925,23.26,23.2825,ok,216085500
2016-02-08 19:00:00,23.7475,23.985,23.4825,23.5725,ok,177324780
2016-02-09 19:00:00,23.5675,24.0875,23.525,23.98,ok,169374404
2016-02-10 19:00:00,23.425,23.68,23.1475,23.4475,ok,200298844
2016-02-11 19:00:00,23.4975,23.625,23.2525,23.5475,ok,161405524
2016-02-15 19:00:00,24.16,24.2125,23.6525,23.755,ok,196231664
2016-02-16 19:00:00,24.53,24.5525,24.0375,24.1675,ok,179452972
2016-02-17 19:00:00,24.065,24.7225,24.02275,24.71,ok,156083932
2016-02-18 19:00:00,24.01,24.189975,23.95,24.0,ok,141496692
2016-02-21 19:00:00,24.22,24.225,23.98,24.0775,ok,137123032
2016-02-22 19:00:00,23.6725,24.125,23.6375,24.1,ok,127770532
2016-02-23 19:00:00,24.025,24.095,23.33,23.495,ok,145022980
2016-02-24 19:00:00,24.19,24.19,23.8125,24.0125,ok,110330636
2016-02-25 19:00:00,24.2275,24.505925,24.145,24.3,ok,115964524
2016-02-28 19:00:00,24.1725,24.5575,24.1625,24.215,ok,140865108
2016-02-29 19:00:00,25.1325,25.1925,24.355,24.4125,ok,201628588
2016-03-01 19:00:00,25.1875,25.2225,24.91,25.1275,ok,132678240
2016-03-02 19:00:00,25.375,25.427475,25.1125,25.145,ok,147822968
2016-03-03 19:00:00,25.7525,25.9375,25.3425,25.5925,ok,184220400
2016-03-06 19:00:00,25.4675,25.7075,25.24,25.5975,ok,143663240
2016-03-07 19:00:00,25.2575,25.44,25.1,25.195,ok,126247556
2016-03-08 19:00:00,25.28,25.395,25.0675,25.3275,ok,108806732
2016-03-09 19:00:00,25.2925,25.56,25.0375,25.3525,ok,134054308
2016-03-10 19:00:00,25.565,25.57,25.375,25.56,ok,109632948
2016-03-13 20:00:00,25.63,25.7275,25.445,25.4775,ok,100304248
2016-03-14 20:00:00,26.145,26.295,25.9625,25.99,ok,160270936
2016-03-15 20:00:00,26.4925,26.5775,26.1475,26.1525,ok,153213972
2016-03-16 20:00:00,26.45,26.6175,26.24,26.38,ok,137682820
2016-03-17 20:00:00,26.48,26.625,26.2975,26.585,ok,176820684
2016-03-20 20:00:00,26.4775,26.9125,26.285025,26.4825,ok,142010712
2016-03-21 20:00:00,26.68,26.8225,26.3025,26.3125,ok,129777500
2016-03-22 20:00:00,26.5325,26.7675,26.475,26.62,ok,102813980
2016-03-23 20:00:00,26.4175,26.5625,26.2225,26.3675,ok,104531820
2016-03-27 20:00:00,26.2975,26.5475,26.265,26.5,ok,77645488
2016-03-28 20:00:00,26.92,26.9475,26.22,26.2225,ok,124760332
2016-03-29 20:00:00,27.39,27.605,27.15,27.1625,ok,182404596
2016-03-30 20:00:00,27.2475,27.475,27.22,27.43,ok,103553796
2016-03-31 20:00:00,27.4975,27.5,27.05,27.195,ok,103495800
2016-04-03 20:00:00,27.78,28.0475,27.5675,27.605,ok,149424816
2016-04-04 20:00:00,27.4525,27.6825,27.355,27.3775,ok,106314608
2016-04-05 20:00:00,27.74,27.745,27.3,27.5575,ok,105616308
2016-04-06 20:00:00,27.135,27.605,27.03025,27.4875,ok,127207480
2016-04-07 20:00:00,27.165,27.4425,27.0425,27.2275,ok,94326960
2016-04-10 20:00:00,27.255,27.6525,27.2075,27.2425,ok,117630072
2016-04-11 20:00:00,27.61,27.625,27.165,27.335,ok,108929300
2016-04-12 20:00:00,28.01,28.085,27.7,27.7,ok,133029264
2016-04-13 20:00:00,28.025,28.0975,27.8325,27.905,ok,101895692
2016-04-14 20:00:00,27.4625,28.075,27.4325,28.0275,ok,187755876
2016-04-17 20:00:00,26.87,27.2375,26.735,27.2225,ok,243285844
2016-04-18 20:00:00,26.7275,27.0,26.5575,26.97,ok,129539516
2016-04-19 20:00:00,26.7825,27.0225,26.515,26.66,ok,122444120
2016-04-20 20:00:00,26.4925,26.7325,26.38,26.7325,ok,126210100
2016-04-21 20:00:00,26.42,26.62,26.155,26.2525,ok,134732484
2016-04-24 20:00:00,26.27,26.4125,26.1275,26.25,ok,112126352
2016-04-25 20:00:00,26.0875,26.325,25.9775,25.9775,ok,224064660
2016-04-26 20:00:00,24.455,24.6775,23.92,24.0,ok,458408568
2016-04-27 20:00:00,23.7075,24.47,23.5625,24.4025,ok,328970760
2016-04-28 20:00:00,23.435,23.68,23.1275,23.4975,ok,274125912
2016-05-01 20:00:00,23.41,23.52,23.1,23.49125,ok,192640416
2016-05-02 20:00:00,23.795,23.935,23.42,23.55,ok,227325108
2016-05-03 20:00:00,23.5475,23.975,23.455,23.8,ok,164101900
2016-05-04 20:00:00,23.31,23.5175,23.17,23.5,ok,143562000
2016-05-05 20:00:00,23.18,23.3625,22.9625,23.3425,ok,174799544
2016-05-08 20:00:00,23.1975,23.4425,23.1475,23.25,ok,131745744
2016-05-09 20:00:00,23.355,23.3925,23.0275,23.3325,ok,134747344
2016-05-10 20:00:00,23.1275,23.3925,23.115,23.37,ok,114876436
2016-05-11 20:00:00,22.585,23.195,22.3675,23.18,ok,305258760
2016-05-12 20:00:00,22.63,22.9175,22.5,22.5,ok,177571060
2016-05-15 20:00:00,23.47,23.5975,22.9125,23.0975,ok,245039024
2016-05-16 20:00:00,23.3725,23.675,23.2525,23.6375,ok,187667756
2016-05-17 20:00:00,23.64,23.8025,23.4725,23.54,ok,168249564
2016-05-18 20:00:00,23.55,23.66,23.3925,23.66,ok,121768400
2016-05-19 20:00:00,23.805,23.8575,23.63,23.66,ok,128103872
2016-05-22 20:00:00,24.1075,24.2975,23.9175,23.9675,ok,152074572
2016-05-23 20:00:00,24.475,24.5225,24.21,24.305,ok,140560696
2016-05-24 20:00:00,24.905,24.935,24.5275,24.6675,ok,154568432
2016-05-25 20:00:00,25.1025,25.1825,24.66,24.92,ok,225324636
2016-05-26 20:00:00,25.0875,25.1175,24.81125,24.86,ok,145364960
2016-05-30 20:00:00,24.965,25.1,24.705,24.9,ok,169228848
2016-05-31 20:00:00,24.615,24.885,24.5825,24.755,ok,116693140
2016-06-01 20:00:00,24.43,24.46,24.1575,24.4,ok,160766400
2016-06-02 20:00:00,24.48,24.5675,24.3625,24.4475,ok,114019552
2016-06-05 20:00:00,24.6575,25.4725,24.3875,24.4975,ok,93170016
2016-06-06 20:00:00,24.7575,24.9675,24.74,24.8125,ok,89637800
2016-06-07 20:00:00,24.735,24.89,24.67,24.755,ok,83392524
2016-06-08 20:00:00,24.9125,24.9975,24.615,24.625,ok,106405416
2016-06-09 20:00:00,24.7075,24.836425,24.62,24.6325,ok,126851744
2016-06-12 20:00:00,24.335,24.78,24.275,24.6725,ok,152081976
2016-06-13 20:00:00,24.365,24.61875,24.1875,24.33,ok,127727776
2016-06-14 20:00:00,24.285,24.6025,24.2575,24.455,ok,117780908
2016-06-15 20:00:00,24.3875,24.4375,24.0175,24.1125,ok,125307260
2016-06-16 20:00:00,23.8325,24.1625,23.825,24.155,ok,244032876
2016-06-19 20:00:00,23.775,24.1425,23.7575,24.0,ok,137647604
2016-06-20 20:00:00,23.9775,24.0875,23.669,23.735,ok,142185432
2016-06-21 20:00:00,23.8875,24.2225,23.8375,24.0625,ok,116876488
2016-06-22 20:00:00,24.025,24.0725,23.8125,23.985,ok,128960748
2016-06-23 20:00:00,23.35,23.66375,23.1625,23.2275,ok,301245424
2016-06-26 20:00:00,23.01,23.2625,22.875,23.25,ok,186488752
2016-06-27 20:00:00,23.3975,23.415,23.035,23.225,ok,161779656
2016-06-28 20:00:00,23.6,23.6375,23.4075,23.4925,ok,146124024
2016-06-29 20:00:00,23.9,23.9425,23.575,23.61,ok,143345424
2016-06-30 20:00:00,23.9725,24.11625,23.8325,23.8725,ok,104106160
2016-07-04 20:00:00,23.7475,23.85,23.615,23.8475,ok,110820840
2016-07-05 20:00:00,23.8825,23.915,23.5925,23.65,ok,123796360
2016-07-06 20:00:00,23.985,24.125,23.905,23.925,ok,100558232
2016-07-07 20:00:00,24.17,24.2225,24.0125,24.1225,ok,115648412
2016-07-10 20:00:00,24.245,24.4125,24.1825,24.1875,ok,95179780
2016-07-11 20:00:00,24.355,24.425,24.28,24.2925,ok,96669852
2016-07-12 20:00:00,24.2175,24.4175,24.21,24.3525,ok,103568684
2016-07-13 20:00:00,24.6975,24.7475,24.33,24.3475,ok,155675988
2016-07-14 20:00:00,24.695,24.825,24.625,24.73,ok,120547960
2016-07-17 20:00:00,24.9575,25.0325,24.65,24.675,ok,145975468
2016-07-18 20:00:00,24.9675,25.0,24.835,24.89,ok,95119696
2016-07-19 20:00:00,24.99,25.115,24.93375,25.0,ok,105103872
2016-07-20 20:00:00,24.8575,25.25,24.7825,24.9575,ok,130808112
2016-07-21 20:00:00,24.665,24.825,24.5775,24.815,ok,113254676
2016-07-24 20:00:00,24.335,24.71,24.23,24.5625,ok,161531684
2016-07-25 20:00:00,24.1675,24.4925,24.105,24.205,ok,224959288
2016-07-26 20:00:00,25.7375,26.0875,25.6875,26.06625,ok,369379280
2016-07-27 20:00:00,26.085,26.1125,25.705,25.7075,ok,159479356
2016-07-28 20:00:00,26.0525,26.1375,25.92,26.0475,ok,110934752
2016-07-31 20:00:00,26.5125,26.5375,26.1025,26.1025,ok,152671484
2016-08-01 20:00:00,26.12,26.5175,26.0,26.5125,ok,135266224
2016-08-02 20:00:00,26.4475,26.46,26.1925,26.2025,ok,120810564
2016-08-03 20:00:00,26.4675,26.5,26.32,26.395,ok,109634600
2016-08-04 20:00:00,26.87,26.9125,26.545,26.5675,ok,162213608
2016-08-07 20:00:00,27.0925,27.0925,26.79,26.88,ok,112148880
2016-08-08 20:00:00,27.2025,27.235,27.0025,27.0575,ok,105260816
2016-08-09 20:00:00,27.0,27.225,26.94,27.1775,ok,96034020
2016-08-10 20:00:00,26.9825,27.2325,26.9625,27.13,ok,109938024
2016-08-11 20:00:00,27.045,27.11,26.945,26.945,ok,74641736
2016-08-14 20:00:00,27.37,27.385,27.02,27.035,ok,103472836
2016-08-15 20:00:00,27.345,27.5575,27.3025,27.4075,ok,135177792
2016-08-16 20:00:00,27.305,27.3425,27.085,27.275,ok,101423904
2016-08-17 20:00:00,27.27,27.4,27.255,27.3075,ok,87938812
2016-08-18 20:00:00,27.34,27.4225,27.09,27.1925,ok,101472288
2016-08-21 20:00:00,27.1275,27.275,26.9625,27.215,ok,103280920
2016-08-22 20:00:00,27.2125,27.33,27.1325,27.1475,ok,85030676
2016-08-23 20:00:00,27.0075,27.1875,26.92,27.14125,ok,94700324
2016-08-24 20:00:00,26.8925,26.97,26.67,26.8475,ok,100344992
2016-08-25 20:00:00,26.735,26.9875,26.5775,26.8525,ok,111065164
2016-08-28 20:00:00,26.705,26.86,26.5725,26.655,ok,99881200
2016-08-29 20:00:00,26.5,26.625,26.375,26.45,ok,99455780
2016-08-30 20:00:00,26.525,26.642475,26.41,26.415,ok,118649624
2016-08-31 20:00:00,26.6825,26.7,26.405,26.535,ok,106806092
2016-09-01 20:00:00,26.9325,27.0,26.705,26.925,ok,107209800
2016-09-05 20:00:00,26.925,27.075,26.8775,26.975,ok,107521564
2016-09-06 20:00:00,27.09,27.19,26.7675,26.9575,ok,169457312
2016-09-07 20:00:00,26.38,26.8175,26.31,26.8125,ok,212008104
2016-09-08 20:00:00,25.7825,26.43,25.7825,26.16,ok,186227936
2016-09-11 20:00:00,26.36,26.43,25.6325,25.6625,ok,181171080
2016-09-12 20:00:00,26.9875,27.1975,26.81,26.8775,ok,248704760
2016-09-13 20:00:00,27.9425,28.2575,27.15,27.1825,ok,449361272
2016-09-14 20:00:00,28.8925,28.9325,28.3725,28.465,ok,362452708
2016-09-15 20:00:00,28.73,29.0325,28.51,28.78,ok,319547644
2016-09-18 20:00:00,28.395,29.045,28.3125,28.7975,ok,188092184
2016-09-19 20:00:00,28.3925,28.53,28.1275,28.2625,ok,138057076
2016-09-20 20:00:00,28.3875,28.49725,28.11025,28.4625,ok,144012740
2016-09-21 20:00:00,28.655,28.735,28.5,28.5875,ok,124295936
2016-09-22 20:00:00,28.1775,28.6975,27.8875,28.605,ok,209924604
2016-09-25 20:00:00,28.22,28.3475,27.8875,27.91,ok,119477768
2016-09-26 20:00:00,28.2725,28.295,28.085,28.25,ok,98429648
2016-09-27 20:00:00,28.4875,28.66,28.3575,28.4225,ok,118564340
2016-09-28 20:00:00,28.045,28.45,27.95,28.29,ok,143547960
2016-09-29 20:00:00,28.2625,28.3425,27.95,28.115,ok,145516424
2016-10-02 20:00:00,28.13,28.2625,28.07,28.1775,ok,86807040
2016-10-03 20:00:00,28.25,28.5775,28.1575,28.265,ok,118947340
2016-10-04 20:00:00,28.2625,28.415,28.1725,28.35,ok,85812356
2016-10-05 20:00:00,28.4725,28.585,28.2825,28.425,ok,115117252
2016-10-06 20:00:00,28.515,28.64,28.3775,28.5775,ok,97433772
2016-10-09 20:00:00,29.0125,29.1875,28.68,28.755,ok,144943824
2016-10-10 20:00:00,29.075,29.6725,29.05,29.425,ok,256164172
2016-10-11 20:00:00,29.335,29.495,29.1875,29.3375,ok,150347148
2016-10-12 20:00:00,29.245,29.36,28.93,29.1975,ok,140769624
2016-10-13 20:00:00,29.4075,29.5425,29.2825,29.47,ok,142608764
2016-10-16 20:00:00,29.3875,29.46,29.195,29.3325,ok,94499584
2016-10-17 20:00:00,29.3675,29.5525,29.3625,29.545,ok,98213912
2016-10-18 20:00:00,29.28,29.44,28.45,29.3125,ok,80138376
2016-10-19 20:00:00,29.265,29.345,29.0825,29.215,ok,96503204
2016-10-20 20:00:00,29.15,29.2275,29.07,29.2025,ok,92770660
2016-10-23 20:00:00,29.4125,29.435,29.25,29.275,ok,94154692
2016-10-24 20:00:00,29.5625,29.59,29.3275,29.4875,ok,192515880
2016-10-25 20:00:00,28.8975,28.925,28.3275,28.5775,ok,264536876
2016-10-26 20:00:00,28.62,28.965,28.525,28.8475,ok,138248180
2016-10-27 20:00:00,28.43,28.8025,28.3625,28.4675,ok,151446648
2016-10-30 20:00:00,28.385,28.5575,28.3,28.4125,ok,105677592
2016-10-31 20:00:00,27.8725,28.4425,27.6325,28.365,ok,175303248
2016-11-01 20:00:00,27.8975,28.0875,27.8075,27.85,ok,113326836
2016-11-02 20:00:00,27.4575,27.865,27.3875,27.745,ok,107730408
2016-11-03 20:00:00,27.21,27.5625,27.0275,27.1325,ok,123347988
2016-11-06 19:00:00,27.6025,27.6275,27.365,27.52,ok,130240000
2016-11-07 19:00:00,27.765,27.93,27.425,27.5775,ok,97016716
2016-11-08 19:00:00,27.72,27.83,27.0125,27.47,ok,236705444
2016-11-09 19:00:00,26.9475,27.7725,26.4575,27.7725,ok,228538164
2016-11-10 19:00:00,27.1075,27.2175,26.6375,26.78,ok,136575592
2016-11-13 19:00:00,26.4275,26.95225,26.02,26.9275,ok,204702016
2016-11-14 19:00:00,26.7775,26.92,26.539825,26.6425,ok,129058040
2016-11-15 19:00:00,27.4975,27.5575,26.65,26.675,ok,235362088
2016-11-16 19:00:00,27.4875,27.5875,27.2075,27.4525,ok,110528012
2016-11-17 19:00:00,27.515,27.635,27.415,27.43,ok,113715668
2016-11-20 19:00:00,27.9325,27.9975,27.5025,27.53,ok,117058284
2016-11-21 19:00:00,27.95,28.105,27.85,27.9875,ok,103862136
2016-11-22 19:00:00,27.8075,27.8775,27.5825,27.84,ok,109705576
2016-11-24 19:00:00,27.9475,27.9675,27.7375,27.7825,ok,45903688
2016-11-27 19:00:00,27.8925,28.11625,27.8475,27.8575,ok,108775932
2016-11-28 19:00:00,27.865,28.0075,27.5175,27.695,ok,114115000
2016-11-29 19:00:00,27.63,28.05,27.5675,27.9,ok,144649032
2016-11-30 19:00:00,27.3725,27.735,27.2575,27.59125,ok,148347448
2016-12-01 19:00:00,27.475,27.5225,27.2125,27.2925,ok,106111988
2016-12-04 19:00:00,27.2775,27.5075,27.0625,27.5,ok,137298160
2016-12-05 19:00:00,27.4875,27.59,27.2975,27.375,ok,104781848
2016-12-06 19:00:00,27.7575,27.7975,27.29,27.315,ok,119994876
2016-12-07 19:00:00,28.03,28.1075,27.65,27.715,ok,108273264
2016-12-08 19:00:00,28.4875,28.675,28.0775,28.0775,ok,137610508
2016-12-11 19:00:00,28.325,28.75,28.1225,28.3225,ok,105497508
2016-12-12 19:00:00,28.7975,28.98,28.4375,28.46,ok,174935244
2016-12-13 19:00:00,28.7975,29.05,28.745,28.76,ok,136127336
2016-12-14 19:00:00,28.955,29.1825,28.8075,28.845,ok,186098176
2016-12-15 19:00:00,28.9925,29.125,28.91125,29.1175,ok,177404536
2016-12-18 19:00:00,29.16,29.345,28.9375,28.95,ok,111117692
2016-12-19 19:00:00,29.2375,29.375,29.17,29.185,ok,85699860
2016-12-20 19:00:00,29.265,29.35,29.195,29.2,ok,95132660
2016-12-21 19:00:00,29.0725,29.1275,28.91,29.0875,ok,104343416
2016-12-22 19:00:00,29.13,29.13,28.8975,28.8975,ok,56997936
2016-12-26 19:00:00,29.315,29.45,29.1225,29.13,ok,73187420
2016-12-27 19:00:00,29.19,29.50415,29.05,29.38,ok,83623568
2016-12-28 19:00:00,29.1825,29.277375,29.1,29.1125,ok,60158076
2016-12-29 19:00:00,28.955,29.3,28.8575,29.1625,ok,122345060
2017-01-02 19:00:00,29.0375,29.0825,28.69,28.95,ok,115127460
2017-01-03 19:00:00,29.005,29.1275,28.9375,28.9625,ok,84472464
2017-01-04 19:00:00,29.1525,29.21605,28.9525,28.98,ok,88774348
2017-01-05 19:00:00,29.4775,29.54,29.1175,29.195,ok,127007600
2017-01-08 19:00:00,29.7475,29.8575,29.485,29.4875,ok,134247792
2017-01-09 19:00:00,29.7775,29.845,29.575,29.6925,ok,97848204
2017-01-10 19:00:00,29.9375,29.9825,29.65,29.685,ok,110354372
2017-01-11 19:00:00,29.8125,29.825,29.5525,29.72375,ok,108344880
2017-01-12 19:00:00,29.76,29.905,29.7025,29.7775,ok,104447792
2017-01-16 19:00:00,30.0,30.06,29.555,29.585,ok,137759372
2017-01-17 19:00:00,29.9975,30.125,29.9275,30.0,ok,94851844
2017-01-18 19:00:00,29.945,30.0225,29.8425,29.85,ok,102389164
2017-01-19 19:00:00,30.0,30.1125,29.93365,30.1125,ok,130391568
2017-01-22 19:00:00,30.02,30.2025,29.9425,30.0,ok,88200872
2017-01-23 19:00:00,29.9925,30.025,29.875,29.8875,ok,92844152
2017-01-24 19:00:00,30.47,30.525,30.07,30.105,ok,130346692
2017-01-25 19:00:00,30.485,30.61,30.4,30.4175,ok,105350304
2017-01-26 19:00:00,30.4875,30.5875,30.4,30.535,ok,82251776
2017-01-29 19:00:00,30.4075,30.4075,30.165,30.2325,ok,121510012
2017-01-30 19:00:00,30.3375,30.3475,30.155,30.2875,ok,196803972
2017-01-31 19:00:00,32.1875,32.6225,31.7525,31.7575,ok,447940160
2017-02-01 19:00:00,32.1325,32.3475,31.945,31.99375,ok,134841644
2017-02-02 19:00:00,32.27,32.2975,32.04,32.0775,ok,98029204
2017-02-05 19:00:00,32.5725,32.625,32.225,32.2825,ok,107383696
2017-02-06 19:00:00,32.8825,33.0225,32.6125,32.635,ok,152735364
2017-02-07 19:00:00,33.01,33.055,32.805,32.8375,ok,92016288
2017-02-08 19:00:00,33.105,33.11125,32.78,32.9125,ok,113399436
2017-02-09 19:00:00,33.03,33.235,33.0125,33.115,ok,80261832
2017-02-12 19:00:00,33.3225,33.455,33.1875,33.27,ok,92141684
2017-02-13 19:00:00,33.755,33.7725,33.3125,33.3675,ok,132904892
2017-02-14 19:00:00,33.8775,34.0675,33.655,33.88,ok,142492400
2017-02-15 19:00:00,33.83625,33.975,33.70995,33.9175,ok,90338220
2017-02-16 19:00:00,33.93,33.9575,33.775,33.775,ok,88792788
2017-02-20 19:00:00,34.175,34.1875,33.995,34.0575,ok,98028624
2017-02-21 19:00:00,34.2775,34.28,34.0275,34.1075,ok,83347728
2017-02-22 19:00:00,34.1325,34.37,34.075,34.345,ok,83152744
2017-02-23 19:00:00,34.165,34.165,33.82,33.9775,ok,87106340
2017-02-26 19:00:00,34.2325,34.35875,34.07,34.285,ok,81029704
2017-02-27 19:00:00,34.2475,34.35875,34.175,34.27,ok,93931440
2017-02-28 19:00:00,34.9475,35.0375,34.39875,34.4725,ok,145658340
2017-03-01 19:00:00,34.74,35.06965,34.69,35.0,ok,104843936
2017-03-02 19:00:00,34.945,34.9575,34.6475,34.695,ok,86284484
2017-03-05 19:00:00,34.835,34.9425,34.648975,34.84125,ok,87000176
2017-03-06 19:00:00,34.88,34.995,34.6975,34.765,ok,69785188
2017-03-07 19:00:00,34.75,34.95,34.705,34.7375,ok,74828944
2017-03-08 19:00:00,34.67,34.6975,34.2625,34.685,ok,88623616
2017-03-09 19:00:00,34.785,34.839275,34.66,34.8125,ok,78451204
2017-03-12 20:00:00,34.8,34.8575,34.705,34.7125,ok,69686868
2017-03-13 20:00:00,34.7475,34.9125,34.71,34.825,ok,61236260
2017-03-14 20:00:00,35.115,35.187525,34.75625,34.8525,ok,102767096
2017-03-15 20:00:00,35.1725,35.255,35.065,35.18,ok,76927992
2017-03-16 20:00:00,34.9975,35.25,34.9725,35.25,ok,175539808
2017-03-19 20:00:00,35.365,35.375,35.0575,35.1,ok,86168152
2017-03-20 20:00:00,34.96,35.7,34.9325,35.5275,ok,158119648
2017-03-21 20:00:00,35.355,35.4,34.94,34.96125,ok,103440660
2017-03-22 20:00:00,35.23,35.3961,35.1525,35.315,ok,81385204
2017-03-23 20:00:00,35.16,35.435,35.0875,35.375,ok,89582252
2017-03-26 20:00:00,35.22,35.305,34.655,34.8475,ok,94300376
2017-03-27 20:00:00,35.95,36.01,35.155,35.2275,ok,133499220
2017-03-28 20:00:00,36.03,36.1225,35.7975,35.92,ok,116759820
2017-03-29 20:00:00,35.9825,36.125,35.875,36.0475,ok,84829008
2017-03-30 20:00:00,35.915,36.0675,35.7525,35.93,ok,78646604
2017-04-02 20:00:00,35.925,36.03,35.7625,35.9275,ok,79942856
2017-04-03 20:00:00,36.1925,36.2225,35.7925,35.8125,ok,79565416
2017-04-04 20:00:00,36.005,36.365,35.9525,36.055,ok,110871416
2017-04-05 20:00:00,35.915,36.13,35.8625,36.0725,ok,84596136
2017-04-06 20:00:00,35.835,36.045,35.8175,35.9325,ok,66688792
2017-04-09 20:00:00,35.7925,35.9698,35.725,35.9,ok,75733588
2017-04-10 20:00:00,35.4075,35.8375,35.015,35.735,ok,121517504
2017-04-11 20:00:00,35.45,35.5375,35.2525,35.4,ok,81400000
2017-04-12 20:00:00,35.2625,35.595,35.2625,35.4775,ok,71291520
2017-04-16 20:00:00,35.4575,35.47,35.2175,35.37,ok,66328376
2017-04-17 20:00:00,35.3,35.51,35.2775,35.3525,ok,58790176
2017-04-18 20:00:00,35.17,35.5,35.1125,35.47,ok,69313500
2017-04-19 20:00:00,35.61,35.73,35.29,35.305,ok,93278248
2017-04-20 20:00:00,35.5675,35.67,35.4625,35.61,ok,69283712
2017-04-23 20:00:00,35.91,35.9875,35.795,35.875,ok,68537332
2017-04-24 20:00:00,36.1325,36.225,35.9675,35.9775,ok,75486004
2017-04-25 20:00:00,35.92,36.15,35.84405,36.1175,ok,80164964
2017-04-26 20:00:00,35.9475,36.04,35.8275,35.980625,ok,56985388
2017-04-27 20:00:00,35.9125,36.075,35.8175,36.0225,ok,83441432
2017-04-30 20:00:00,36.645,36.8,36.24,36.275,ok,134411772
2017-05-01 20:00:00,36.8775,37.0225,36.71,36.885,ok,181408776
2017-05-02 20:00:00,36.765,36.8725,36.0675,36.3975,ok,182788136
2017-05-03 20:00:00,36.6325,36.785,36.4525,36.63,ok,93487488
2017-05-04 20:00:00,37.24,37.245,36.69,36.69,ok,109310900
2017-05-07 20:00:00,38.2525,38.425,37.2575,37.2575,ok,195009652
2017-05-08 20:00:00,38.4975,38.72,38.3625,38.4675,ok,156521452
2017-05-09 20:00:00,38.315,38.485,38.0275,38.4075,ok,103222768
2017-05-10 20:00:00,38.4875,38.5175,38.0775,38.1125,ok,109020232
2017-05-11 20:00:00,39.025,39.105,38.6675,38.675,ok,130108068
2017-05-14 20:00:00,38.925,39.1625,38.7625,39.0025,ok,104038876
2017-05-15 20:00:00,38.8675,39.015,38.68,38.985,ok,80193912
2017-05-16 20:00:00,37.5625,38.6425,37.4275,38.4,ok,203070712
2017-05-17 20:00:00,38.135,38.335,37.7825,37.8175,ok,134272860
2017-05-18 20:00:00,38.265,38.495,38.1575,38.345,ok,107843152
2017-05-21 20:00:00,38.4975,38.645,38.2275,38.5,ok,91865748
2017-05-22 20:00:00,38.45,38.725,38.3275,38.725,ok,79675484
2017-05-23 20:00:00,38.335,38.5425,38.1675,38.46,ok,76876616
2017-05-24 20:00:00,38.4675,38.5875,38.2575,38.4325,ok,76942392
2017-05-25 20:00:00,38.4025,38.56,38.3275,38.5,ok,87710548
2017-05-29 20:00:00,38.4175,38.6075,38.3325,38.355,ok,80507404
2017-05-30 20:00:00,38.19,38.5425,38.095,38.4925,ok,97804656
2017-05-31 20:00:00,38.295,38.3325,38.055,38.2925,ok,65616352
2017-06-01 20:00:00,38.8625,38.8625,38.2225,38.395,ok,111082860
2017-06-04 20:00:00,38.4825,38.6125,38.365,38.585,ok,101326648
2017-06-05 20:00:00,38.6125,38.9525,38.445,38.475,ok,106499704
2017-06-06 20:00:00,38.8425,38.995,38.62,38.755,ok,84278588
2017-06-07 20:00:00,38.7475,38.885,38.6,38.8125,ok,85003192
2017-06-08 20:00:00,37.245,38.7975,36.505,38.7975,ok,259530628
2017-06-11 20:00:00,36.355,36.5225,35.6275,36.435,ok,289229320
2017-06-12 20:00:00,36.6475,36.8625,36.2875,36.79,ok,136661780
2017-06-13 20:00:00,36.29,36.875,35.96,36.875,ok,126124928
2017-06-14 20:00:00,36.0725,36.11995,35.5525,35.83,ok,128661492
2017-06-15 20:00:00,35.5675,36.125,35.55,35.945,ok,201444372
2017-06-18 20:00:00,36.585,36.685,35.915,35.915,ok,130165616
2017-06-19 20:00:00,36.2525,36.7175,36.235,36.7175,ok,99600292
2017-06-20 20:00:00,36.4675,36.517325,36.1525,36.38,ok,85063004
2017-06-21 20:00:00,36.4075,36.675,36.279975,36.4425,ok,76425176
2017-06-22 20:00:00,36.57,36.79,36.2775,36.2825,ok,141757556
2017-06-25 20:00:00,36.455,37.07,36.345,36.7925,ok,102769444
2017-06-26 20:00:00,35.9325,36.54,35.905,36.2525,ok,99047564
2017-06-27 20:00:00,36.4575,36.5275,35.790025,36.1225,ok,88329728
2017-06-28 20:00:00,35.92,36.2825,35.57,36.1775,ok,125997472
2017-06-29 20:00:00,36.005,36.24,35.945,36.1125,ok,92096428
2017-07-02 20:00:00,35.875,36.325025,35.775,36.22,ok,57111392
2017-07-04 20:00:00,36.0225,36.1975,35.680925,35.9225,ok,86278228
2017-07-05 20:00:00,35.6825,35.875,35.6025,35.755,ok,96515128
2017-07-06 20:00:00,36.045,36.1875,35.725,35.725,ok,76806848
2017-07-09 20:00:00,36.265,36.4875,35.8425,36.0275,ok,84362544
2017-07-10 20:00:00,36.3825,36.4625,36.095,36.1825,ok,79127344
2017-07-11 20:00:00,36.435,36.545,36.205,36.4675,ok,99537912
2017-07-12 20:00:00,36.9425,37.1225,36.36,36.375,ok,100797492
2017-07-13 20:00:00,37.26,37.3325,36.8325,36.9925,ok,80528244
2017-07-16 20:00:00,37.39,37.725,37.1425,37.205,ok,95173824
2017-07-17 20:00:00,37.52,37.5325,37.1675,37.3,ok,71475168
2017-07-18 20:00:00,37.755,37.855,37.4875,37.62,ok,83691876
2017-07-19 20:00:00,37.585,37.935,37.5475,37.875,ok,68974992
2017-07-20 20:00:00,37.5675,37.61,37.22,37.4975,ok,105010520
2017-07-23 20:00:00,38.0225,38.11,37.475,37.645,ok,85972640
2017-07-24 20:00:00,38.185,38.46,37.95,37.95,ok,75415728
2017-07-25 20:00:00,38.365,38.4825,38.265,38.3375,ok,63123804
2017-07-26 20:00:00,37.64,38.4975,36.825,38.4375,ok,129905348
2017-07-27 20:00:00,37.375,37.5575,37.2975,37.4725,ok,68854612
2017-07-30 20:00:00,37.1825,37.5825,37.0325,37.475,ok,79383680
2017-07-31 20:00:00,37.5125,37.555,37.1025,37.275,ok,141474580
2017-08-01 20:00:00,39.285,39.9375,39.04,39.82,ok,279747200
2017-08-02 20:00:00,38.8925,39.3025,38.755,39.2625,ok,108389184
2017-08-03 20:00:00,39.0975,39.35,38.9225,39.0175,ok,82239408
2017-08-06 20:00:00,39.7025,39.73,39.167525,39.265,ok,87481284
2017-08-07 20:00:00,40.02,40.4575,39.5675,39.65,ok,144823584
2017-08-08 20:00:00,40.265,40.3175,39.7775,39.815,ok,104526120
2017-08-09 20:00:00,38.83,40.0,38.6575,39.975,ok,163217092
2017-08-10 20:00:00,39.37,39.6432,39.0175,39.15,ok,105028384
2017-08-13 20:00:00,39.9625,40.0525,39.6875,39.83,ok,88490936
2017-08-14 20:00:00,40.4,40.54875,40.035,40.165,ok,117861948
2017-08-15 20:00:00,40.2375,40.6275,40.0375,40.485,ok,110686448
2017-08-16 20:00:00,39.465,40.1775,39.46,40.13,ok,111762260
2017-08-17 20:00:00,39.375,39.875,39.18,39.465,ok,109712276
2017-08-20 20:00:00,39.3025,39.4725,38.777525,39.375,ok,105474112
2017-08-21 20:00:00,39.945,40.0,39.505,39.5575,ok,86418340
2017-08-22 20:00:00,39.995,40.1175,39.72,39.7675,ok,77596324
2017-08-23 20:00:00,39.8175,40.185,39.6375,40.1075,ok,79275672
2017-08-24 20:00:00,39.965,40.14,39.8175,39.9125,ok,101920252
2017-08-27 20:00:00,40.3675,40.5,39.9825,40.035,ok,103863888
2017-08-28 20:00:00,40.7275,40.78,40.0,40.025,ok,118067640
2017-08-29 20:00:00,40.8375,40.9725,40.6525,40.95,ok,109078336
2017-08-30 20:00:00,41.0,41.13,40.87,40.91,ok,107140384
2017-08-31 20:00:00,41.0125,41.235,40.9075,41.2,ok,66364204
2017-09-04 20:00:00,40.52,41.0625,40.14,40.9375,ok,118145256
2017-09-05 20:00:00,40.4775,40.7475,40.13,40.6775,ok,86606904
2017-09-06 20:00:00,40.315,40.56,40.09,40.5225,ok,87714008
2017-09-07 20:00:00,39.6575,40.2875,39.6325,40.215,ok,114446140
2017-09-10 20:00:00,40.375,40.5125,39.9725,40.125,ok,126323192
2017-09-11 20:00:00,40.215,40.99,39.6925,40.6525,ok,286856184
2017-09-12 20:00:00,39.9125,39.99,39.4775,39.9675,ok,179629444
2017-09-13 20:00:00,39.57,39.85,39.5225,39.7475,ok,95042996
2017-09-14 20:00:00,39.97,40.2425,39.5,39.6175,ok,196458408
2017-09-17 20:00:00,39.6675,40.125,39.49875,40.0275,ok,113077740
2017-09-18 20:00:00,39.6825,39.9425,39.61,39.8775,ok,83242528
2017-09-19 20:00:00,39.0175,39.565,38.4575,39.475,ok,211805456
2017-09-20 20:00:00,38.3475,38.95,38.1875,38.95,ok,150046644
2017-09-21 20:00:00,37.9725,38.0675,37.64,38.005,ok,186581772
2017-09-24 20:00:00,37.6375,37.9575,37.29,37.4975,ok,177549344
2017-09-25 20:00:00,38.285,38.48,37.9225,37.945,ok,146640180
2017-09-26 20:00:00,38.5575,38.679725,38.385,38.45,ok,102016908
2017-09-27 20:00:00,38.32,38.57,38.175,38.4725,ok,88021820
2017-09-28 20:00:00,38.53,38.5325,38.0,38.3025,ok,105199240
2017-10-01 20:00:00,38.4525,38.6125,38.18,38.565,ok,74795368
2017-10-02 20:00:00,38.62,38.7725,38.4775,38.5025,ok,64921172
2017-10-03 20:00:00,38.37,38.465,38.115,38.4075,ok,80655000
2017-10-04 20:00:00,38.8475,38.86,38.5125,38.545,ok,85135076
2017-10-05 20:00:00,38.825,38.8725,38.64,38.7425,ok,69630232
2017-10-08 20:00:00,38.96,39.1825,38.87125,38.9525,ok,65051692
2017-10-09 20:00:00,38.975,39.5,38.775,39.01375,ok,62468056
2017-10-10 20:00:00,39.1375,39.245,38.9375,38.9925,ok,67622560
2017-10-11 20:00:00,39.0,39.3425,38.932475,39.0875,ok,64500216
2017-10-12 20:00:00,39.2475,39.32,39.1025,39.1825,ok,65576752
2017-10-15 20:00:00,39.97,40.0,39.4125,39.475,ok,96485808
2017-10-16 20:00:00,40.1175,40.2175,39.8075,39.945,ok,75989100
2017-10-17 20:00:00,39.94,40.1775,39.9,40.105,ok,65496656
2017-10-18 20:00:00,38.995,39.27,38.755,39.1875,ok,170336664
2017-10-19 20:00:00,39.0625,39.4375,38.99,39.1525,ok,95896584
2017-10-22 20:00:00,39.0425,39.4225,38.875,39.2225,ok,87937308
2017-10-23 20:00:00,39.275,39.355,39.05,39.0725,ok,71028920
2017-10-24 20:00:00,39.1025,39.3875,38.8175,39.2275,ok,84828392
2017-10-25 20:00:00,39.3525,39.457375,39.195,39.3075,ok,68001876
2017-10-26 20:00:00,40.7625,40.9,39.675,39.8225,ok,177816640
2017-10-29 20:00:00,41.68,42.0175,40.93,40.9725,ok,178803088
2017-10-30 20:00:00,42.26,42.412475,41.735,41.975,ok,144187312
2017-10-31 20:00:00,41.7225,42.485,41.4025,42.4675,ok,134551048
2017-11-01 20:00:00,42.0275,42.125,41.32,41.91,ok,165573492
2017-11-02 20:00:00,43.125,43.565,42.78,43.5,ok,237594524
2017-11-05 19:00:00,43.5625,43.7475,42.93,43.09125,ok,140105224
2017-11-06 19:00:00,43.7025,43.8125,43.4,43.4775,ok,97445940
2017-11-07 19:00:00,44.06,44.06,43.5825,43.665,ok,97638108
2017-11-08 19:00:00,43.97,44.02375,43.285,43.7775,ok,117930384
2017-11-09 19:00:00,43.6675,43.845,43.5675,43.7775,ok,100582000
2017-11-12 19:00:00,43.4925,43.625,43.35,43.375,ok,67928320
2017-11-13 19:00:00,42.835,43.37,42.795,43.26,ok,99129948
2017-11-14 19:00:00,42.27,42.579925,42.095,42.4925,ok,116632280
2017-11-15 19:00:00,42.775,42.9675,42.575,42.795,ok,94549936
2017-11-16 19:00:00,42.5375,42.8475,42.41,42.76,ok,87598176
2017-11-19 19:00:00,42.495,42.64,42.39,42.5725,ok,65049788
2017-11-20 19:00:00,43.285,43.425,42.695,42.695,ok,100525180
2017-11-21 19:00:00,43.74,43.75,43.2625,43.34,ok,102355700
2017-11-23 19:00:00,43.7425,43.875,43.661475,43.775,ok,56106692
2017-11-26 19:00:00,43.5225,43.77,43.335,43.7625,ok,82867208
2017-11-27 19:00:00,43.2675,43.7175,42.965,43.575,ok,105715208
2017-11-28 19:00:00,42.37,43.23,41.79,43.1575,ok,166665456
2017-11-29 19:00:00,42.9625,43.035,42.11,42.6075,ok,166108872
2017-11-30 19:00:00,42.7625,42.9175,42.125,42.4875,ok,159037152
2017-12-03 19:00:00,42.45,43.155,42.4075,43.12,ok,130169540
2017-12-04 19:00:00,42.41,42.88,42.1,42.265,ok,109400616
2017-12-05 19:00:00,42.2525,42.551175,41.615,41.875,ok,114240000
2017-12-06 19:00:00,42.33,42.61,42.2275,42.2575,ok,102693232
2017-12-07 19:00:00,42.3425,42.75,42.205,42.6225,ok,93420924
2017-12-10 19:00:00,43.1675,43.2225,42.1975,42.3,ok,141095036
2017-12-11 19:00:00,42.925,43.0975,42.86525,43.0375,ok,77636920
2017-12-12 19:00:00,43.0675,43.385,43.0,43.125,ok,95273788
2017-12-13 19:00:00,43.055,43.2825,42.9125,43.1,ok,81906164
2017-12-14 19:00:00,43.4925,43.5425,43.115,43.4075,ok,160677228
2017-12-17 19:00:00,44.105,44.3,43.715,43.72,ok,117684456
2017-12-18 19:00:00,43.635,43.8475,43.5225,43.7575,ok,109745788
2017-12-19 19:00:00,43.5875,43.855,43.3125,43.7175,ok,93902596
2017-12-20 19:00:00,43.7525,44.005,43.525,43.5425,ok,83799584
2017-12-21 19:00:00,43.7525,43.856,43.625,43.67,ok,65397776
2017-12-25 19:00:00,42.6425,42.8675,42.41975,42.7,ok,132742144
2017-12-26 19:00:00,42.65,42.695,42.4275,42.525,ok,85992852
2017-12-27 19:00:00,42.77,42.9625,42.62,42.75,ok,65920748
2017-12-28 19:00:00,42.3075,42.6475,42.305,42.63,ok,103999688
2018-01-01 19:00:00,43.065,43.075,42.315,42.54,ok,102223736
2018-01-02 19:00:00,43.0575,43.6375,42.99,43.1325,ok,118071596
2018-01-03 19:00:00,43.2575,43.3675,43.02,43.135,ok,89738388
2018-01-04 19:00:00,43.75,43.8425,43.2625,43.36,ok,94640072
2018-01-07 19:00:00,43.5875,43.9025,43.4825,43.5875,ok,82271064
2018-01-08 19:00:00,43.5825,43.765,43.3525,43.6375,ok,86335988
2018-01-09 19:00:00,43.5725,43.575,43.25,43.29,ok,95839580
2018-01-10 19:00:00,43.82,43.87215,43.6225,43.6475,ok,74670916
2018-01-11 19:00:00,44.2725,44.34,43.9125,44.045,ok,101672320
2018-01-15 19:00:00,44.0475,44.8475,44.035,44.475,ok,118263788
2018-01-16 19:00:00,44.775,44.8125,43.7675,44.0375,ok,137547344
2018-01-17 19:00:00,44.815,45.025,44.5625,44.8425,ok,124773408
2018-01-18 19:00:00,44.615,44.895,44.3525,44.6525,ok,129700268
2018-01-21 19:00:00,44.25,44.445,44.1504,44.325,ok,108434204
2018-01-22 19:00:00,44.26,44.86,44.205,44.325,ok,130756584
2018-01-23 19:00:00,43.555,44.325,43.3,44.3125,ok,204420360
2018-01-24 19:00:00,42.7775,43.7375,42.6325,43.62625,ok,166116016
2018-01-25 19:00:00,42.8775,43.0,42.515,43.0,ok,156572044
2018-01-28 19:00:00,41.99,42.54,41.7675,42.54,ok,202561624
2018-01-29 19:00:00,41.7425,41.8425,41.175,41.38125,ok,184192740
2018-01-30 19:00:00,41.8575,42.110425,41.625,41.7175,ok,129915720
2018-01-31 19:00:00,41.945,42.155,41.69,41.79125,ok,188923148
2018-02-01 19:00:00,40.125,41.7,40.025,41.5,ok,346375300
2018-02-04 19:00:00,39.1225,40.97,39.0,39.775,ok,290954088
2018-02-05 19:00:00,40.7575,40.93,38.5,38.7075,ok,272975352
2018-02-06 19:00:00,39.885,40.85,39.767125,40.77125,ok,206434320
2018-02-07 19:00:00,38.7875,40.25,38.7575,40.0725,ok,217562064
2018-02-08 19:00:00,39.1025,39.4725,37.56,39.2675,ok,282690432
2018-02-11 19:00:00,40.6775,40.9725,39.3775,39.625,ok,243278156
2018-02-12 19:00:00,41.085,41.1875,40.4125,40.4875,ok,130196652
2018-02-13 19:00:00,41.8425,41.885,40.72,40.76125,ok,162579732
2018-02-14 19:00:00,43.2475,43.2725,42.25,42.4475,ok,204588684
2018-02-15 19:00:00,43.1075,43.705,42.9425,43.09,ok,160704364
2018-02-19 19:00:00,42.9625,43.565,42.855,43.0125,ok,135722160
2018-02-20 19:00:00,42.7675,43.53,42.7525,43.2075,ok,149886492
2018-02-21 19:00:00,43.125,43.4875,42.9275,42.95,ok,123967760
2018-02-22 19:00:00,43.875,43.9125,43.385,43.4175,ok,135249440
2018-02-25 19:00:00,44.7425,44.8475,44.0525,44.0875,ok,152648696
2018-02-26 19:00:00,44.5975,45.12,44.54,44.775,ok,155712500
2018-02-27 19:00:00,44.53,45.15375,44.5125,44.815,ok,151128552
2018-02-28 19:00:00,43.75,44.94375,43.165,44.635,ok,195207880
2018-03-01 19:00:00,44.0525,44.075,43.1125,43.2,ok,153815800
2018-03-04 19:00:00,44.205,44.435,43.63,43.8025,ok,113605464
2018-03-05 19:00:00,44.1675,44.5625,44.0325,44.4775,ok,95154024
2018-03-06 19:00:00,43.7575,43.9625,43.5675,43.735,ok,126813848
2018-03-07 19:00:00,44.235,44.28,43.7675,43.87,ok,95096428
2018-03-08 19:00:00,44.995,45.0,44.3475,44.49,ok,128740648
2018-03-11 20:00:00,45.43,45.5975,45.0525,45.0725,ok,128828324
2018-03-12 20:00:00,44.9925,45.875,44.81,45.6475,ok,126774116
2018-03-13 20:00:00,44.61,45.13,44.4525,45.08,ok,117473424
2018-03-14 20:00:00,44.6625,45.06,44.517525,44.625,ok,90975192
2018-03-15 20:00:00,44.505,44.78,44.405,44.6625,ok,157618752
2018-03-18 20:00:00,43.825,44.3675,43.415,44.33,ok,133787084
2018-03-19 20:00:00,43.81,44.2,43.735,43.81,ok,78597400
2018-03-20 20:00:00,42.8175,43.7725,42.815,43.76,ok,148219740
2018-03-21 20:00:00,42.2125,43.17,42.15,42.5,ok,165963068
2018-03-22 20:00:00,41.235,42.48,41.235,42.0975,ok,164115136
2018-03-25 20:00:00,43.1925,43.275,41.61,42.0175,ok,150164944
2018-03-26 20:00:00,42.085,43.7875,41.73,43.42,ok,163690316
2018-03-27 20:00:00,41.62,42.505,41.2975,41.8125,ok,166674180
2018-03-28 20:00:00,41.945,42.9375,41.725,41.95125,ok,153594020
2018-04-01 20:00:00,41.67,42.235,41.1175,41.97,ok,150347164
2018-04-02 20:00:00,42.0975,42.186375,41.22,41.91,ok,121112184
2018-04-03 20:00:00,42.9025,43.0025,41.1925,41.22,ok,138421956
2018-04-04 20:00:00,43.2,43.5576,43.02,43.145,ok,107732788
2018-04-05 20:00:00,42.095,43.12,42.05,42.7425,ok,140021160
2018-04-08 20:00:00,42.5125,43.2725,42.46125,42.47,ok,116070872
2018-04-09 20:00:00,43.3125,43.5,42.8825,43.25,ok,114456964
2018-04-10 20:00:00,43.11,43.4808,42.925,43.0575,ok,89726560
2018-04-11 20:00:00,43.535,43.75,43.26,43.3525,ok,91557140
2018-04-12 20:00:00,43.6825,43.96,43.4625,43.695,ok,100497020
2018-04-15 20:00:00,43.955,44.0475,43.707525,43.757525,ok,86313680
2018-04-16 20:00:00,44.56,44.734125,44.1025,44.1225,ok,106421768
2018-04-17 20:00:00,44.46,44.705,44.22,44.4525,ok,83018152
2018-04-18 20:00:00,43.2,43.8475,43.165,43.7375,ok,139235200
2018-04-19 20:00:00,41.43,42.8046,41.3575,42.64875,ok,261964560
2018-04-22 20:00:00,41.31,41.73,41.0225,41.7087,ok,146061908
2018-04-23 20:00:00,40.735,41.5825,40.305025,41.4175,ok,134768068
2018-04-24 20:00:00,40.9125,41.355,40.6025,40.655,ok,113528336
2018-04-25 20:00:00,41.055,41.4325,40.8425,41.03,ok,111852056
2018-04-26 20:00:00,40.58,41.0825,40.1575,41.0,ok,142623356
2018-04-29 20:00:00,41.315,41.815,40.46,40.53255,ok,169709696
2018-04-30 20:00:00,42.275,42.3,41.3175,41.60255,ok,214277504
2018-05-01 20:00:00,44.1425,44.4375,43.45,43.80625,ok,266157484
2018-05-02 20:00:00,44.2225,44.375,43.610275,43.97,ok,136272720
2018-05-03 20:00:00,45.9575,46.0625,44.5425,44.5625,ok,224805268
2018-05-06 20:00:00,46.29,46.9175,46.1875,46.295,ok,169805692
2018-05-07 20:00:00,46.5125,46.555,45.91625,46.2475,ok,113611108
2018-05-08 20:00:00,46.84,46.85,46.305,46.6375,ok,92844964
2018-05-09 20:00:00,47.51,47.5925,46.9125,46.935,ok,111957156
2018-05-10 20:00:00,47.1475,47.515,46.8625,47.3725,ok,104848884
2018-05-13 20:00:00,47.0375,47.3825,46.965,47.2525,ok,83115088
2018-05-14 20:00:00,46.61,46.7675,46.275,46.695,ok,94780636
2018-05-15 20:00:00,47.045,47.115,46.5,46.5175,ok,76732256
2018-05-16 20:00:00,46.7475,47.2275,46.59,47.0,ok,69176116
2018-05-17 20:00:00,46.5775,46.95255,46.5325,46.7975,ok,73190912
2018-05-20 20:00:00,46.9075,47.3175,46.72765,47.0,ok,73603148
2018-05-21 20:00:00,46.79,47.22,46.695,47.09375,ok,60962816
2018-05-22 20:00:00,47.09,47.125,46.44,46.5875,ok,80233660
2018-05-23 20:00:00,47.0375,47.21,46.5525,47.1925,ok,92935900
2018-05-24 20:00:00,47.145,47.4125,46.9125,47.0575,ok,69843852
2018-05-28 20:00:00,46.975,47.1875,46.7175,46.9,ok,90056300
2018-05-29 20:00:00,46.875,47.0,46.695,46.93,ok,74762188
2018-05-30 20:00:00,46.7175,47.0575,46.535,46.805,ok,109931172
2018-05-31 20:00:00,47.56,47.565,46.9375,46.9978,ok,93770040
2018-06-03 20:00:00,47.9575,48.355,47.8375,47.90875,ok,105064696
2018-06-04 20:00:00,48.3275,48.485,48.09,48.26625,ok,86263852
2018-06-05 20:00:00,48.495,48.52,47.98,48.4075,ok,83734476
2018-06-06 20:00:00,48.365,48.55,48.08375,48.535,ok,85388720
2018-06-07 20:00:00,47.925,48.0,47.4425,47.7925,ok,106627196
2018-06-10 20:00:00,47.8075,47.9925,47.5525,47.8375,ok,73233840
2018-06-11 20:00:00,48.07,48.15275,47.7875,47.84625,ok,67644564
2018-06-12 20:00:00,47.675,48.22,47.61,48.105,ok,86553572
2018-06-13 20:00:00,47.7,47.8925,47.555,47.8875,ok,86440296
2018-06-14 20:00:00,47.21,47.54,47.065,47.5075,ok,246876640
2018-06-17 20:00:00,47.185,47.305,46.8,46.97,ok,73939460
2018-06-18 20:00:00,46.4225,46.5825,45.8625,46.285,ok,134313820
2018-06-19 20:00:00,46.625,46.8,46.4325,46.5875,ok,82514804
2018-06-20 20:00:00,46.365,47.0875,46.235,46.8125,ok,102847592
2018-06-21 20:00:00,46.23,46.5375,46.175,46.53,ok,108801788
2018-06-24 20:00:00,45.5425,46.23,45.1825,45.85,ok,126652384
2018-06-25 20:00:00,46.1075,46.6325,45.635,45.7475,ok,98276804
2018-06-26 20:00:00,46.04,46.82,46.0075,46.30695,ok,101141312
2018-06-27 20:00:00,46.375,46.5525,45.95,46.025,ok,69460940
2018-06-28 20:00:00,46.2775,46.7975,45.7275,46.5725,ok,90950664
2018-07-01 20:00:00,46.795,46.825,45.855,45.955,ok,70925372
2018-07-02 20:00:00,45.98,46.9875,45.885,46.9475,ok,55819224
2018-07-04 20:00:00,46.35,46.6025,46.07,46.315,ok,66416992
2018-07-05 20:00:00,46.9925,47.1085,46.3,46.355,ok,69940980
2018-07-08 20:00:00,47.645,47.67,47.325,47.375,ok,79026536
2018-07-09 20:00:00,47.5875,47.82,47.545025,47.6775,ok,63756596
2018-07-10 20:00:00,46.97,47.444975,46.9025,47.125,ok,75325880
2018-07-11 20:00:00,47.7575,47.8525,47.3275,47.3825,ok,72164524
2018-07-12 20:00:00,47.8325,47.96,47.725,47.77,ok,50079168
2018-07-15 20:00:00,47.7275,48.1625,47.60375,47.88,ok,60172440
2018-07-16 20:00:00,47.8625,47.9675,47.3,47.4375,ok,62138092
2018-07-17 20:00:00,47.6,47.95,47.4825,47.945,ok,65573524
2018-07-18 20:00:00,47.97,48.1375,47.4225,47.4225,ok,81147008
2018-07-19 20:00:00,47.86,48.1075,47.5425,47.945,ok,82824168
2018-07-22 20:00:00,47.9025,47.99,47.39,47.67,ok,63957460
2018-07-23 20:00:00,48.25,48.415025,48.0125,48.1125,ok,74791592
2018-07-24 20:00:00,48.705,48.7125,48.1075,48.26505,ok,67305932
2018-07-25 20:00:00,48.5525,48.99,48.4025,48.6525,ok,76303856
2018-07-26 20:00:00,47.745,48.7975,47.525,48.7475,ok,96095888
2018-07-29 20:00:00,47.4775,48.05,47.2675,47.975,ok,84118140
2018-07-30 20:00:00,47.5725,48.035,47.335,47.575,ok,157492152
2018-07-31 20:00:00,50.375,50.44,49.3275,49.7825,ok,271742864
2018-08-01 20:00:00,51.8475,52.095,50.0875,50.145,ok,249616048
2018-08-02 20:00:00,51.9975,52.185,51.370075,51.7575,ok,133789584
2018-08-05 20:00:00,52.2675,52.3125,51.7675,52.0,ok,101701548
2018-08-06 20:00:00,51.7775,52.375,51.69,52.33,ok,102349548
2018-08-07 20:00:00,51.8125,51.9525,51.13,51.5125,ok,90101948
2018-08-08 20:00:00,52.22,52.445,51.8,51.82,ok,93970504
2018-08-09 20:00:00,51.8825,52.275,51.6675,51.84,ok,98444808
2018-08-12 20:00:00,52.2175,52.738,51.925,51.925,ok,103563520
2018-08-13 20:00:00,52.4375,52.64,52.065,52.53875,ok,82992040
2018-08-14 20:00:00,52.56,52.685,52.0825,52.305,ok,115230256
2018-08-15 20:00:00,53.33,53.453025,52.8675,52.9375,ok,114001468
2018-08-16 20:00:00,54.395,54.4875,53.29,53.36,ok,141707988
2018-08-19 20:00:00,53.865,54.795,53.7775,54.525,ok,121150780
2018-08-20 20:00:00,53.76,54.2975,53.50625,54.2,ok,104639020
2018-08-21 20:00:00,53.7625,54.09,53.46,53.525,ok,76072524
2018-08-22 20:00:00,53.8725,54.2625,53.65,53.6625,ok,75532896
2018-08-23 20:00:00,54.04,54.225,53.7775,54.15,ok,73905424
2018-08-26 20:00:00,54.485,54.685,54.0825,54.2875,ok,82100468
2018-08-27 20:00:00,54.925,55.135,54.73,54.7525,ok,91107064
2018-08-28 20:00:00,55.745,55.8725,54.8525,55.0375,ok,109019216
2018-08-29 20:00:00,56.2575,57.065,55.6,55.8125,ok,195175296
2018-08-30 20:00:00,56.9075,57.2175,56.5,56.6275,ok,173360536
2018-09-03 20:00:00,57.09,57.295,56.6575,57.1025,ok,109560528
2018-09-04 20:00:00,56.7175,57.4175,56.275,57.2475,ok,133331840
2018-09-05 20:00:00,55.775,56.8375,55.325,56.5575,ok,137159904
2018-09-06 20:00:00,55.325,56.3425,55.1775,55.4625,ok,150479240
2018-09-09 20:00:00,54.5825,55.4625,54.1175,55.2375,ok,158065812
2018-09-10 20:00:00,55.9625,56.07475,54.14,54.5025,ok,142996196
2018-09-11 20:00:00,55.2675,56.25,54.96,56.235,ok,197114960
2018-09-12 20:00:00,56.6025,57.0875,55.6425,55.88,ok,166825508
2018-09-13 20:00:00,55.96,56.71,55.6305,56.4375,ok,127997156
2018-09-16 20:00:00,54.47,55.7375,54.3175,55.5375,ok,148780532
2018-09-17 20:00:00,54.56,55.4625,54.28,54.4475,ok,126286848
2018-09-18 20:00:00,54.5925,54.905,53.825,54.625,ok,108495332
2018-09-19 20:00:00,55.0075,55.57,54.7875,55.06,ok,106435176
2018-09-20 20:00:00,54.415,55.34,54.3225,55.195,ok,384986992
2018-09-23 20:00:00,55.1975,55.315,54.1575,54.205,ok,110773432
2018-09-24 20:00:00,55.5475,55.705,54.925,54.9375,ok,98217516
2018-09-25 20:00:00,55.105,55.9375,54.94,55.25,ok,95938824
2018-09-26 20:00:00,56.2375,56.61,55.885,55.955,ok,120724908
2018-09-27 20:00:00,56.435,56.46,56.005,56.1975,ok,91717456
2018-09-30 20:00:00,56.815,57.355,56.5875,56.9875,ok,94403208
2018-10-01 20:00:00,57.32,57.5,56.6575,56.8125,ok,99152680
2018-10-02 20:00:00,58.0175,58.3675,57.445,57.5125,ok,114619196
2018-10-03 20:00:00,56.9975,58.0875,56.6825,57.695,ok,128168000
2018-10-04 20:00:00,56.0725,57.1025,55.145,56.99,ok,134321852
2018-10-07 20:00:00,55.9425,56.2,55.05,55.5525,ok,118655692
2018-10-08 20:00:00,56.7175,56.8175,55.56155,55.91,ok,107564116
2018-10-09 20:00:00,54.09,56.5875,54.0125,56.365,ok,167962216
2018-10-10 20:00:00,53.6125,54.875,53.08,53.63,ok,212497568
2018-10-11 20:00:00,55.5275,55.72,54.21,55.105,ok,161351404
2018-10-14 20:00:00,54.34,55.4575,54.3175,55.29,ok,123164028
2018-10-15 20:00:00,55.5375,55.7475,54.190675,54.7325,ok,116735852
2018-10-16 20:00:00,55.2975,55.66,54.835,55.575,ok,91541588
2018-10-17 20:00:00,54.005,54.935,53.25,54.465,ok,130325260
2018-10-18 20:00:00,54.8275,55.315,54.3575,54.515,ok,132314904
2018-10-21 20:00:00,55.1625,55.84,54.735,54.9475,ok,115168328
2018-10-22 20:00:00,55.6825,55.8125,53.675,53.9575,ok,155071384
2018-10-23 20:00:00,53.7725,56.0575,53.635,55.65,ok,163700652
2018-10-24 20:00:00,54.95,55.345,54.1875,54.4275,ok,119423072
2018-10-25 20:00:00,54.075,55.0475,53.1675,53.975,ok,189033500
2018-10-28 20:00:00,53.06,54.9225,51.5225,54.7975,ok,183742080
2018-10-29 20:00:00,53.325,53.795,52.3175,52.7875,ok,146639960
2018-10-30 20:00:00,54.715,55.1125,54.155,54.22,ok,153435732
2018-10-31 20:00:00,55.555,55.59,54.2025,54.7625,ok,233292720
2018-11-01 20:00:00,51.87,53.4125,51.3575,52.3875,ok,365314616
2018-11-04 19:00:00,50.3975,51.0975,49.5425,51.075,ok,264654676
2018-11-05 19:00:00,50.9425,51.18,50.4225,50.48,ok,127531524
2018-11-06 19:00:00,52.4875,52.515,51.0325,51.4925,ok,133697736
2018-11-07 19:00:00,52.1225,52.53,51.6875,52.495,ok,101450544
2018-11-08 19:00:00,51.1175,51.5025,50.5625,51.3875,ok,137463000
2018-11-11 19:00:00,48.5425,49.9625,48.4475,49.75,ok,204542072
2018-11-12 19:00:00,48.0575,49.295,47.862525,47.9075,ok,187531744
2018-11-13 19:00:00,46.7,48.62,46.4825,48.475,ok,243203828
2018-11-14 19:00:00,47.8525,47.9925,46.725,47.0975,ok,185915204
2018-11-15 19:00:00,48.3825,48.742375,47.365,47.625,ok,147713012
2018-11-18 19:00:00,46.465,47.675,46.2475,47.5,ok,167683488
2018-11-19 19:00:00,44.245,45.3675,43.8775,44.5925,ok,271300988
2018-11-20 19:00:00,44.195,45.0675,44.1375,44.9325,ok,124496840
2018-11-22 19:00:00,43.0725,44.14875,43.025,43.735,ok,94495888
2018-11-25 19:00:00,43.655,43.7375,42.565,43.56,ok,179994080
2018-11-26 19:00:00,43.56,43.6925,42.72,42.8775,ok,165549508
2018-11-27 19:00:00,45.235,45.3225,43.7325,44.1825,ok,184250156
2018-11-28 19:00:00,44.8875,45.7,44.425,45.665,ok,167079968
2018-11-29 19:00:00,44.645,45.0825,44.2575,45.0725,ok,158126196
2018-12-02 19:00:00,46.205,46.235,45.3025,46.115,ok,163192008
2018-12-03 19:00:00,44.1725,45.597475,44.0675,45.2375,ok,165377128
2018-12-05 19:00:00,43.68,43.695,42.605,42.94,ok,172393640
2018-12-06 19:00:00,42.1225,43.6225,42.075,43.3725,ok,169126524
2018-12-09 19:00:00,42.4,42.5225,40.8325,41.25,ok,248103976
2018-12-10 19:00:00,42.1575,42.9475,41.75,42.915,ok,189126660
2018-12-11 19:00:00,42.275,42.98,42.255,42.6,ok,142510696
2018-12-12 19:00:00,42.7375,43.1425,42.3875,42.6225,ok,127591308
2018-12-13 19:00:00,41.37,42.27,41.32,42.25,ok,162814840
2018-12-16 19:00:00,40.985,42.0875,40.6825,41.3625,ok,177151688
2018-12-17 19:00:00,41.5175,41.8825,41.0975,41.345,ok,135366072
2018-12-18 19:00:00,40.2225,41.8625,39.7725,41.5,ok,196189188
2018-12-19 19:00:00,39.2075,40.5275,38.825,40.1,ok,259091840
2018-12-20 19:00:00,37.6825,39.54,37.4075,39.215,ok,382977536
2018-12-23 19:00:00,36.7075,37.8875,36.6475,37.0375,ok,148676928
2018-12-25 19:00:00,39.2925,39.3075,36.68,37.075,ok,234330176
2018-12-26 19:00:00,39.0375,39.1925,37.5175,38.96,ok,212468260
2018-12-27 19:00:00,39.0575,39.63,38.6375,39.375,ok,169165696
2018-12-30 19:00:00,39.435,39.84,39.12,39.6325,ok,140013864
2019-01-01 19:00:00,39.48,39.7125,38.5575,38.7225,ok,148158948
2019-01-02 19:00:00,35.5475,36.43,35.5,35.995,ok,365248780
2019-01-03 19:00:00,37.065,37.137475,35.95,36.1325,ok,234428280
2019-01-06 19:00:00,36.9825,37.2075,36.475,37.175,ok,219111056
2019-01-07 19:00:00,37.6875,37.955,37.13,37.39,ok,164101256
2019-01-08 19:00:00,38.3275,38.6325,37.4075,37.8225,ok,180396324
2019-01-09 19:00:00,38.45,38.4925,37.715,38.125,ok,143122680
2019-01-10 19:00:00,38.0725,38.425,37.8775,38.22,ok,108092964
2019-01-13 19:00:00,37.5,37.8175,37.305,37.7125,ok,129756744
2019-01-14 19:00:00,38.2675,38.3475,37.5125,37.5675,ok,114841296
2019-01-15 19:00:00,38.735,38.97,38.25,38.27,ok,122278824
2019-01-16 19:00:00,38.965,39.415,38.315,38.55,ok,119284640
2019-01-17 19:00:00,39.205,39.47,38.99515,39.375,ok,135004092
2019-01-21 19:00:00,38.325,39.1825,38.155,39.1025,ok,121575880
2019-01-22 19:00:00,38.48,38.785,37.925,38.5375,ok,92522280
2019-01-23 19:00:00,38.175,38.62,37.935,38.5275,ok,101766196
2019-01-24 19:00:00,39.44,39.5325,38.58,38.87,ok,134191572
2019-01-27 19:00:00,39.075,39.0825,38.415,38.9475,ok,104768232
2019-01-28 19:00:00,38.67,39.5325,38.5275,39.0625,ok,166348956
2019-01-29 19:00:00,41.3125,41.5375,40.0575,40.8125,ok,244439120
2019-01-30 19:00:00,41.61,42.25,41.14,41.5275,ok,162958596
2019-01-31 19:00:00,41.63,42.245,41.4825,41.74,ok,130672552
2019-02-03 19:00:00,42.8125,42.91375,41.82,41.8525,ok,125982328
2019-02-04 19:00:00,43.545,43.77,43.087525,43.215,ok,144406512
2019-02-05 19:00:00,43.56,43.8925,43.213275,43.6625,ok,112958364
2019-02-06 19:00:00,42.735,43.485,42.585,43.1,ok,126966760
2019-02-07 19:00:00,42.6025,42.665,42.105,42.2475,ok,95279864
2019-02-10 19:00:00,42.3575,42.8025,42.3125,42.7625,ok,83973700
2019-02-11 19:00:00,42.7225,42.75,42.425,42.525,ok,89134092
2019-02-12 19:00:00,42.545,43.12,42.48,42.8475,ok,89960932
2019-02-13 19:00:00,42.7,42.815375,42.345,42.4275,ok,87342988
2019-02-14 19:00:00,42.605,42.925,42.4375,42.8125,ok,98507256
2019-02-18 19:00:00,42.7325,42.86,42.3725,42.4275,ok,75891304
2019-02-19 19:00:00,43.0075,43.33,42.7475,42.7975,ok,104457448
2019-02-20 19:00:00,42.765,43.0925,42.575,42.95,ok,68998680
2019-02-21 19:00:00,43.2425,43.25,42.845,42.895,ok,75652616
2019-02-24 19:00:00,43.5575,43.9675,43.4875,43.54,ok,87493432
2019-02-25 19:00:00,43.5825,43.825,43.2933,43.4275,ok,68280844
2019-02-26 19:00:00,43.7175,43.75,43.1825,43.3025,ok,111341556
2019-02-27 19:00:00,43.2875,43.7275,43.23,43.58,ok,112861664
2019-02-28 19:00:00,43.7425,43.7875,43.2225,43.57,ok,103544668
2019-03-03 19:00:00,43.9625,44.4375,43.4925,43.9225,ok,109744812
2019-03-04 19:00:00,43.8825,44.0,43.635,43.985,ok,78949676
2019-03-05 19:00:00,43.63,43.8725,43.485,43.6675,ok,83241536
2019-03-06 19:00:00,43.125,43.61,43.005,43.4675,ok,99185496
2019-03-07 19:00:00,43.2275,43.2675,42.375,42.58,ok,95997432
2019-03-10 20:00:00,44.725,44.78,43.8375,43.8725,ok,128044136
2019-03-11 20:00:00,45.2275,45.6675,44.8425,45.0,ok,129870336
2019-03-12 20:00:00,45.4275,45.825,45.23,45.5625,ok,124130096
2019-03-13 20:00:00,45.9325,46.025,45.64,45.975,ok,94318032
2019-03-14 20:00:00,46.53,46.8325,45.935,46.2125,ok,156171648
2019-03-17 20:00:00,47.005,47.0975,46.4475,46.45,ok,104879328
2019-03-18 20:00:00,46.6325,47.2475,46.48,47.0875,ok,126585476
2019-03-19 20:00:00,47.04,47.3725,46.1825,46.5575,ok,124140924
2019-03-20 20:00:00,48.7725,49.0825,47.4525,47.505,ok,204136948
2019-03-21 20:00:00,47.7625,49.4225,47.695,48.835,ok,169630664
2019-03-24 20:00:00,47.185,47.995,46.65,47.8775,ok,175381172
2019-03-25 20:00:00,46.6975,48.22,46.145,47.916,ok,199202152
2019-03-26 20:00:00,47.1175,47.44,46.6375,47.1875,ok,119393708
2019-03-27 20:00:00,47.18,47.38975,46.8825,47.2375,ok,83121452
2019-03-28 20:00:00,47.4875,47.52,47.135,47.4575,ok,94255844
2019-03-31 20:00:00,47.81,47.92,47.095,47.91,ok,111447856
2019-04-01 20:00:00,48.505,48.615,47.7625,47.7725,ok,91062928
2019-04-02 20:00:00,48.8375,49.125,48.2875,48.3125,ok,93087320
2019-04-03 20:00:00,48.9225,49.0925,48.285,48.6975,ok,76457100
2019-04-04 20:00:00,49.25,49.275,48.9825,49.1125,ok,74106576
2019-04-07 20:00:00,50.025,50.0575,49.085,49.105,ok,103526788
2019-04-08 20:00:00,49.875,50.7125,49.8075,50.08,ok,143072948
2019-04-09 20:00:00,50.155,50.185,49.545,49.67,ok,86781152
2019-04-10 20:00:00,49.7375,50.25,49.610775,50.2125,ok,83603232
2019-04-11 20:00:00,49.7175,50.035,49.0525,49.8,ok,111042672
2019-04-14 20:00:00,49.8075,49.9625,49.5025,49.645,ok,70146584
2019-04-15 20:00:00,49.8125,50.3425,49.64,49.865,ok,102785540
2019-04-16 20:00:00,50.7825,50.845,49.6525,49.885,ok,115627120
2019-04-17 20:00:00,50.965,51.0375,50.63,50.78,ok,96783064
2019-04-21 20:00:00,51.1325,51.235,50.585,50.7075,ok,77758180
2019-04-22 20:00:00,51.87,51.9375,50.975,51.1075,ok,93291964
2019-04-23 20:00:00,51.79,52.12,51.7625,51.84,ok,70162436
2019-04-24 20:00:00,51.32,51.94,51.28,51.7075,ok,74172824
2019-04-25 20:00:00,51.075,51.25,50.53,51.225,ok,74596408
2019-04-28 20:00:00,51.1525,51.4925,50.965,51.1,ok,88818864
2019-04-29 20:00:00,50.1675,50.85,49.7775,50.765,ok,186139692
2019-04-30 20:00:00,52.63,53.8275,52.3075,52.47,ok,259309312
2019-05-01 20:00:00,52.2875,53.1625,52.0325,52.46,ok,127985296
2019-05-02 20:00:00,52.9375,52.96,52.5575,52.7225,ok,83569512
2019-05-05 20:00:00,52.12,52.21,50.875,51.0725,ok,129772452
2019-05-06 20:00:00,50.715,51.854375,50.20625,51.47,ok,155054792
2019-05-07 20:00:00,50.725,51.335,50.4375,50.475,ok,105358016
2019-05-08 20:00:00,50.18,50.42,49.165,50.1,ok,139634428
2019-05-09 20:00:00,49.295,49.7125,48.1925,49.35475,ok,164834848
2019-05-12 20:00:00,46.43,47.37,45.7125,46.9275,ok,229722492
2019-05-13 20:00:00,47.165,47.425,46.3525,46.6025,ok,146118708
2019-05-14 20:00:00,47.73,47.9375,46.505,46.5675,ok,106178872
2019-05-15 20:00:00,47.52,48.117225,47.21,47.4775,ok,132125456
2019-05-16 20:00:00,47.25,47.725,46.69,46.7325,ok,131516360
2019-05-19 20:00:00,45.7725,46.08725,45.070975,45.88,ok,154449160
2019-05-20 20:00:00,46.65,47.0,46.175,46.305,ok,113459392
2019-05-21 20:00:00,45.695,46.4275,45.6375,46.165,ok,118994224
2019-05-22 20:00:00,44.915,45.135,44.4525,44.95,ok,146118944
2019-05-23 20:00:00,44.7425,45.535,44.655,45.05,ok,94858744
2019-05-27 20:00:00,44.5575,45.1475,44.4775,44.73,ok,111792640
2019-05-28 20:00:00,44.345,44.8375,44.0,44.105,ok,113924660
2019-05-29 20:00:00,44.575,44.8075,44.1675,44.4875,ok,84873648
2019-05-30 20:00:00,43.7675,44.4975,43.7475,44.0575,ok,108174336
2019-06-02 20:00:00,43.325,44.48,42.5675,43.9,ok,161584276
2019-06-03 20:00:00,44.91,44.9575,43.63,43.86,ok,123871844
2019-06-04 20:00:00,45.635,46.2475,45.285,46.07,ok,119093708
2019-06-05 20:00:00,46.305,46.3675,45.537225,45.77,ok,90105244
2019-06-06 20:00:00,47.5375,47.98,46.4425,46.6275,ok,122737572
2019-06-09 20:00:00,48.145,48.8425,47.905,47.9525,ok,104883404
2019-06-10 20:00:00,48.7025,49.0,48.4,48.715,ok,107731528
2019-06-11 20:00:00,48.5475,48.9925,48.34625,48.4875,ok,73012756
2019-06-12 20:00:00,48.5375,49.1975,48.4,48.675,ok,86698500
2019-06-13 20:00:00,48.185,48.396575,47.575,47.88625,ok,75045896
2019-06-16 20:00:00,48.4725,48.74,48.0425,48.225,ok,58676576
2019-06-17 20:00:00,49.6125,50.0725,48.8025,49.0125,ok,106204016
2019-06-18 20:00:00,49.4675,49.97,49.3275,49.92,ok,84496940
2019-06-19 20:00:00,49.865,50.1525,49.5075,50.0925,ok,86055952
2019-06-20 20:00:00,49.695,50.2125,49.5375,49.7,ok,191202356
2019-06-23 20:00:00,49.645,50.04,49.5425,49.635,ok,72881684
2019-06-24 20:00:00,48.8925,49.815,48.8225,49.6075,ok,84281336
2019-06-25 20:00:00,49.95,50.2475,49.3375,49.4425,ok,104270048
2019-06-26 20:00:00,49.935,50.3925,49.8925,50.0725,ok,83598868
2019-06-27 20:00:00,49.48,49.87375,49.2625,49.67,ok,124442568
2019-06-30 20:00:00,50.3875,51.1225,50.1625,50.7925,ok,109266956
2019-07-01 20:00:00,50.6825,50.783075,50.34,50.3525,ok,67740868
2019-07-02 20:00:00,51.1025,51.11,50.672525,50.82,ok,45448180
2019-07-04 20:00:00,51.0575,51.27,50.725,50.8375,ok,69062072
2019-07-07 20:00:00,50.005,50.35,49.6025,50.2025,ok,101354512
2019-07-08 20:00:00,50.31,50.3775,49.7025,49.8,ok,82312060
2019-07-09 20:00:00,50.8075,50.9325,50.39,50.4625,ok,71588552
2019-07-10 20:00:00,50.4375,51.0975,50.4275,50.8275,ok,80767368
2019-07-11 20:00:00,50.825,51.0,50.55,50.6125,ok,70380848
2019-07-14 20:00:00,51.3025,51.4675,51.0,51.0225,ok,67789680
2019-07-15 20:00:00,51.125,51.5275,50.875,51.1475,ok,67467264
2019-07-16 20:00:00,50.8375,51.272875,50.8175,51.0125,ok,56429800
2019-07-17 20:00:00,51.415,51.47,50.925,51.0,ok,74328644
2019-07-18 20:00:00,50.6475,51.625,50.59,51.4475,ok,83717228
2019-07-21 20:00:00,51.805,51.8075,50.9025,50.9125,ok,89111728
2019-07-22 20:00:00,52.21,52.2275,51.8225,52.115,ok,73420840
2019-07-23 20:00:00,52.1675,52.2875,51.7925,51.9175,ok,59966268
2019-07-24 20:00:00,51.755,52.31,51.6825,52.2225,ok,55638248
2019-07-25 20:00:00,51.935,52.4325,51.785,51.87,ok,70475496
2019-07-28 20:00:00,52.42,52.66,52.11,52.115,ok,86693556
2019-07-29 20:00:00,52.195,52.54,51.8275,52.19,ok,135742872
2019-07-30 20:00:00,53.26,55.3425,52.825,54.105,ok,277125444
2019-07-31 20:00:00,52.1075,54.5075,51.685875,53.475,ok,216071688
2019-08-01 20:00:00,51.005,51.6075,50.4075,51.3825,ok,163448488
2019-08-04 20:00:00,48.335,49.66225,48.145,49.4975,ok,209571876
2019-08-05 20:00:00,49.25,49.51675,48.51,49.0775,ok,143299148
2019-08-06 20:00:00,49.76,49.89,48.455,48.8525,ok,133457600
2019-08-07 20:00:00,50.8575,50.8825,49.8475,50.05,ok,108038092
2019-08-08 20:00:00,50.2475,50.69,49.8225,50.325,ok,98478984
2019-08-11 20:00:00,50.12,50.5129,49.7875,49.905,ok,89927556
2019-08-12 20:00:00,52.2425,53.035,50.2075,50.255,ok,190159144
2019-08-13 20:00:00,50.6875,51.61,50.646725,50.79,ok,146189772
2019-08-14 20:00:00,50.435,51.285,49.9175,50.865,ok,111533452
2019-08-15 20:00:00,51.625,51.79,50.96,51.07,ok,115254496
2019-08-18 20:00:00,52.5875,53.182675,52.50625,52.655,ok,97727660
2019-08-19 20:00:00,52.59,53.3375,52.58,52.72,ok,107678116
2019-08-20 20:00:00,53.16,53.4125,52.9008,53.2475,ok,86258988
2019-08-21 20:00:00,53.115,53.60875,52.6875,53.2975,ok,89071276
2019-08-22 20:00:00,50.66,53.01275,50.25,52.3575,ok,187531372
2019-08-25 20:00:00,51.6225,51.7975,51.264325,51.465,ok,104264520
2019-08-26 20:00:00,51.04,52.1375,50.8825,51.965,ok,103589376
2019-08-27 20:00:00,51.3825,51.43,50.83,51.025,ok,63830528
2019-08-28 20:00:00,52.2525,52.33,51.66375,52.125,ok,84030608
2019-08-29 20:00:00,52.185,52.6125,51.8,52.54,ok,82596760
2019-09-02 20:00:00,51.425,51.745,51.055,51.6075,ok,80238296
2019-09-03 20:00:00,52.2975,52.37,51.83,52.0975,ok,76867280
2019-09-04 20:00:00,53.32,53.4925,52.8775,53.0,ok,95787936
2019-09-05 20:00:00,53.315,53.605,53.1275,53.5125,ok,77449176
2019-09-08 20:00:00,53.5425,54.11,52.7675,53.71,ok,109237604
2019-09-09 20:00:00,54.175,54.195,52.9275,53.465,ok,127111724
2019-09-10 20:00:00,55.8975,55.9275,54.4325,54.5175,ok,177158584
2019-09-11 20:00:00,55.77125,56.605,55.715,56.2,ok,128906676
2019-09-12 20:00:00,54.6875,55.1975,54.255,55.0,ok,159053184
2019-09-15 20:00:00,54.975,55.0325,54.39,54.4325,ok,84632564
2019-09-16 20:00:00,55.175,55.205,54.78,54.99,ok,73545872
2019-09-17 20:00:00,55.6925,55.7125,54.86,55.265,ok,102572372
2019-09-18 20:00:00,55.24,55.94,55.0925,55.5025,ok,88751504
2019-09-19 20:00:00,54.4325,55.64,54.36825,55.345,ok,231908376
2019-09-22 20:00:00,54.68,54.96,54.4125,54.7375,ok,77678592
2019-09-23 20:00:00,54.42,55.6225,54.2975,55.2575,ok,125737468
2019-09-24 20:00:00,55.2575,55.375,54.28505,54.6375,ok,89924024
2019-09-25 20:00:00,54.9725,55.235,54.7075,55.0,ok,76353248
2019-09-26 20:00:00,54.705,55.24,54.32035,55.135,ok,101445140
2019-09-29 20:00:00,55.9925,56.145,55.1975,55.225,ok,105274332
2019-09-30 20:00:00,56.1475,57.055,56.05,56.2675,ok,144748652
2019-10-01 20:00:00,54.74,55.895,54.4825,55.765,ok,143069028
2019-10-02 20:00:00,55.205,55.24,53.783,54.6075,ok,121410744
2019-10-03 20:00:00,56.7525,56.8725,55.9725,56.41,ok,139022212
2019-10-06 20:00:00,56.765,57.4825,56.46,56.5675,ok,123557076
2019-10-07 20:00:00,56.1,57.015,56.0825,56.455,ok,117130800
2019-10-08 20:00:00,56.7575,56.9475,56.41,56.7575,ok,76117696
2019-10-09 20:00:00,57.5225,57.61,56.825,56.9825,ok,115851936
2019-10-10 20:00:00,59.0525,59.41,58.076875,58.2375,ok,167960840
2019-10-13 20:00:00,58.9675,59.53355,58.667525,58.725,ok,97653936
2019-10-14 20:00:00,58.83,59.4125,58.72,59.0975,ok,92161932
2019-10-15 20:00:00,58.5925,58.81,58.3,58.3425,ok,77146776
2019-10-16 20:00:00,58.82,59.0375,58.38,58.7725,ok,69091588
2019-10-17 20:00:00,59.1025,59.395,58.5725,58.6475,ok,97508664
2019-10-20 20:00:00,60.1275,60.2475,59.33,59.38,ok,89469932
2019-10-21 20:00:00,59.99,60.55,59.90545,60.29,ok,90736004
2019-10-22 20:00:00,60.795,60.81,60.305,60.525,ok,79730180
2019-10-23 20:00:00,60.895,61.2,60.45125,61.1275,ok,71665020
2019-10-24 20:00:00,61.645,61.6825,60.72,60.79,ok,73477184
2019-10-27 20:00:00,62.2625,62.3125,61.68,61.855,ok,96572964
2019-10-28 20:00:00,60.8225,62.4375,60.6425,62.2425,ok,142839468
2019-10-29 20:00:00,60.815,61.325,60.3025,61.19,ok,124522088
2019-10-30 20:00:00,62.19,62.2925,59.315,61.81,ok,139162080
2019-10-31 20:00:00,63.955,63.9825,62.29,62.385,ok,151125336
2019-11-03 19:00:00,64.375,64.46125,63.845,64.3325,ok,103271808
2019-11-04 19:00:00,64.2825,64.5475,64.08,64.2625,ok,79897708
2019-11-05 19:00:00,64.31,64.3725,63.84125,64.1925,ok,75864496
2019-11-06 19:00:00,64.8575,65.0875,64.5275,64.685,ok,94940332
2019-11-07 19:00:00,65.035,65.11,64.2125,64.6725,ok,70081980
2019-11-10 19:00:00,65.55,65.6175,64.57,64.575,ok,82029836
2019-11-11 19:00:00,65.49,65.6975,65.23,65.3875,ok,87388904
2019-11-12 19:00:00,66.1175,66.195,65.2675,65.2825,ok,103270372
2019-11-13 19:00:00,65.66,66.22,65.525,65.9375,ok,89582224
2019-11-14 19:00:00,66.44,66.445,65.7525,65.92,ok,100374664
2019-11-17 19:00:00,66.775,66.8575,66.0575,66.45,ok,86803588
2019-11-18 19:00:00,66.5725,67.0,66.34815,66.975,ok,76278388
2019-11-19 19:00:00,65.7975,66.52075,65.1,66.385,ok,106439676
2019-11-20 19:00:00,65.5025,66.00125,65.295,65.9225,ok,121395112
2019-11-21 19:00:00,65.445,65.795,65.21,65.6475,ok,65325052
2019-11-24 19:00:00,66.5925,66.61,65.63,65.6775,ok,84118068
2019-11-25 19:00:00,66.0725,66.79,65.625,66.735,ok,105339528
2019-11-26 19:00:00,66.96,66.995,66.3275,66.395,ok,65544488
2019-11-28 19:00:00,66.8125,67.0,66.475,66.65,ok,46617452
2019-12-01 19:00:00,66.04,67.0625,65.8625,66.8175,ok,94774200
2019-12-02 19:00:00,64.8625,64.8825,64.0725,64.5775,ok,117509072
2019-12-03 19:00:00,65.435,65.8275,65.17,65.2675,ok,67241552
2019-12-04 19:00:00,66.395,66.4725,65.6825,65.9475,ok,74645372
2019-12-05 19:00:00,67.6775,67.75,66.825,66.87,ok,106189972
2019-12-08 19:00:00,66.73,67.7,66.2275,67.5,ok,128730580
2019-12-09 19:00:00,67.12,67.5175,66.465,67.15,ok,90529532
2019-12-10 19:00:00,67.6925,67.775,67.125,67.2025,ok,78893564
2019-12-11 19:00:00,67.865,68.139975,66.83025,66.945,ok,137748168
2019-12-12 19:00:00,68.7875,68.825,67.7325,67.865,ok,133731224
2019-12-15 19:00:00,69.965,70.1975,69.245,69.25,ok,128324420
2019-12-16 19:00:00,70.1025,70.4425,69.7,69.8925,ok,114303192
2019-12-17 19:00:00,69.935,70.475,69.78,69.95,ok,116098748
2019-12-18 19:00:00,70.005,70.295,69.7375,69.875,ok,98507788
2019-12-19 19:00:00,69.86,70.6625,69.64,70.5575,ok,276130972
2019-12-22 19:00:00,71.0,71.0625,70.093375,70.1325,ok,98711532
2019-12-23 19:00:00,71.0675,71.2225,70.729925,71.1725,ok,48478856
2019-12-25 19:00:00,72.4775,72.495,71.175,71.205,ok,93336016
2019-12-26 19:00:00,72.45,73.4925,72.03,72.78,ok,146371744
2019-12-29 19:00:00,72.88,73.1725,71.305,72.365,ok,144238456
2019-12-30 19:00:00,73.4125,73.42,72.38,72.4825,ok,100990500
2020-01-01 19:00:00,75.0875,75.15,73.7975,74.06,ok,135647456
2020-01-02 19:00:00,74.3575,75.145,74.125,74.2875,ok,146535512
2020-01-05 19:00:00,74.95,74.99,73.1875,73.4475,ok,118578576
2020-01-06 19:00:00,74.5975,75.225,74.37,74.96,ok,111510620
2020-01-07 19:00:00,75.7975,76.109975,74.289,74.29,ok,132363784
2020-01-08 19:00:00,77.4075,77.6075,76.55,76.80875,ok,170486168
2020-01-09 19:00:00,77.5825,78.1675,77.0625,77.65,ok,140869088
2020-01-12 19:00:00,79.24,79.2675,77.7875,77.91,ok,122086888
2020-01-13 19:00:00,78.17,79.3925,78.0425,79.175,ok,162613828
2020-01-14 19:00:00,77.835,78.875,77.3875,77.9625,ok,121923528
2020-01-15 19:00:00,78.81,78.925,78.0225,78.3975,ok,108829016
2020-01-16 19:00:00,79.6825,79.685,78.75,79.0675,ok,137816468
2020-01-20 19:00:00,79.1425,79.755,79.0,79.2975,ok,110843256
2020-01-21 19:00:00,79.425,79.9975,79.3275,79.645,ok,101832460
2020-01-22 19:00:00,79.8075,79.89,78.9125,79.48,ok,104471972
2020-01-23 19:00:00,79.5775,80.8325,79.3797,80.0625,ok,146537520
2020-01-26 19:00:00,77.2375,77.9425,76.22,77.515,ok,161940020
2020-01-27 19:00:00,79.4225,79.6,78.0475,78.15,ok,162233944
2020-01-28 19:00:00,81.085,81.9625,80.345,81.1125,ok,216599712
2020-01-29 19:00:00,80.9675,81.0225,79.6875,80.135875,ok,126743232
2020-01-30 19:00:00,77.3775,80.67,77.0725,80.2325,ok,199588384
2020-02-02 19:00:00,77.165,78.3725,75.555,76.075,ok,173985604
2020-02-03 19:00:00,79.7125,79.91,78.408625,78.8275,ok,136616536
2020-02-04 19:00:00,80.3625,81.19,79.7375,80.88,ok,118826872
2020-02-05 19:00:00,81.3025,81.305,80.0662,80.6425,ok,105425540
2020-02-06 19:00:00,80.0075,80.85,79.5,80.5925,ok,117684048
2020-02-09 19:00:00,80.3875,80.3875,78.4625,78.545,ok,109348860
2020-02-10 19:00:00,79.9025,80.975,79.6775,80.9,ok,94323120
2020-02-11 19:00:00,81.8,81.805,80.3675,80.3675,ok,113730292
2020-02-12 19:00:00,81.2175,81.555,80.8375,81.0475,ok,94747568
2020-02-13 19:00:00,81.2375,81.495,80.7125,81.185,ok,80113788
2020-02-17 19:00:00,79.75,79.9375,78.6525,78.84,ok,152762180
2020-02-18 19:00:00,80.905,81.1425,80.0,80.0,ok,93983964
2020-02-19 19:00:00,80.075,81.1625,79.5525,80.6575,ok,100565956
2020-02-20 19:00:00,78.2625,80.1125,77.625,79.655,ok,129705660
2020-02-23 19:00:00,74.545,76.045,72.3075,74.315,ok,222195312
2020-02-24 19:00:00,72.02,75.6325,71.5325,75.2375,ok,230673456
2020-02-25 19:00:00,73.1625,74.47,71.625,71.6325,ok,198713724
2020-02-26 19:00:00,68.38,71.5,68.24,70.275,ok,320605524
2020-02-27 19:00:00,68.34,69.6025,64.0925,64.315,ok,426884920
2020-03-01 19:00:00,74.7025,75.36,69.43,70.57,ok,341397356
2020-03-02 19:00:00,72.33,76.0,71.45,75.9175,ok,319475408
2020-03-03 19:00:00,75.685,75.85,73.2825,74.11,ok,219178272
2020-03-04 19:00:00,73.23,74.8875,72.8525,73.88,ok,187572876
2020-03-05 19:00:00,72.2575,72.705,70.3075,70.5,ok,226176984
2020-03-08 20:00:00,66.5425,69.5225,65.75,65.9375,ok,286744832
2020-03-09 20:00:00,71.335,71.61,67.3425,69.285,ok,285290080
2020-03-10 20:00:00,68.8575,70.305,67.965,69.3475,ok,256379880
2020-03-11 20:00:00,62.0575,67.5,62.0,63.985,ok,418474068
2020-03-12 20:00:00,69.4925,69.98,63.2375,66.2225,ok,370732128
2020-03-15 20:00:00,60.5525,64.77,60.0,60.4875,ok,322423460
2020-03-16 20:00:00,63.215,64.4025,59.6,61.8775,ok,324055860
2020-03-17 20:00:00,61.6675,62.5,59.28,59.9425,ok,300233624
2020-03-18 20:00:00,61.195,63.21,60.6525,61.84625,ok,271857020
2020-03-19 20:00:00,57.31,62.9575,57.0,61.795,ok,401693384
2020-03-22 20:00:00,56.0925,57.124925,53.1525,57.02,ok,336752832
2020-03-23 20:00:00,61.72,61.9225,58.575,59.09,ok,287531092
2020-03-24 20:00:00,61.38,64.5625,61.075,62.6875,ok,303602040
2020-03-25 20:00:00,64.61,64.67,61.59,61.63,ok,252560676
2020-03-26 20:00:00,61.935,63.9675,61.7625,63.1875,ok,204216612
2020-03-29 20:00:00,63.7025,63.88,62.35,62.685,ok,167976440
2020-03-30 20:00:00,63.5725,65.6225,63.0,63.9,ok,197002004
2020-03-31 20:00:00,60.2275,62.18,59.7825,61.625,ok,176218552
2020-04-01 20:00:00,61.2325,61.2875,59.225,60.085,ok,165933972
2020-04-02 20:00:00,60.3525,61.425,59.743525,60.7,ok,129880068
2020-04-05 20:00:00,65.6175,65.7775,62.345,62.725,ok,201820284
2020-04-06 20:00:00,64.8575,67.925,64.75,67.7,ok,202887324
2020-04-07 20:00:00,66.5175,66.8425,65.3075,65.685,ok,168895284
2020-04-08 20:00:00,66.9975,67.5175,66.175,67.175,ok,162116492
2020-04-12 20:00:00,68.3125,68.425,66.4575,67.0775,ok,131022924
2020-04-13 20:00:00,71.7625,72.0625,69.5125,70.0,ok,194994688
2020-04-14 20:00:00,71.1075,71.5825,70.1575,70.6,ok,131154564
2020-04-15 20:00:00,71.6725,72.049375,70.58755,71.845,ok,157125160
2020-04-16 20:00:00,70.7,71.73625,69.215,71.1725,ok,215249912
2020-04-19 20:00:00,69.2325,70.42,69.2125,69.4875,ok,130015000
2020-04-20 20:00:00,67.0925,69.3125,66.3575,69.07,ok,180991572
2020-04-21 20:00:00,69.025,69.475,68.05,68.4025,ok,117057368
2020-04-22 20:00:00,68.7575,70.4375,68.7175,68.9675,ok,124814328
2020-04-23 20:00:00,70.7425,70.7525,69.25,69.3,ok,126508732
2020-04-26 20:00:00,70.7925,71.135,69.9875,70.45,ok,117087572
2020-04-27 20:00:00,69.645,71.4575,69.55,71.27,ok,112004748
2020-04-28 20:00:00,71.9325,72.4175,70.9725,71.1825,ok,137280816
2020-04-29 20:00:00,73.45,73.6325,72.0875,72.49,ok,183063872
2020-04-30 20:00:00,72.2675,74.75,71.4625,71.5625,ok,240616700
2020-05-03 20:00:00,73.29,73.4225,71.5793,72.2925,ok,133567944
2020-05-04 20:00:00,74.39,75.25,73.615,73.765,ok,147751180
2020-05-05 20:00:00,75.1575,75.81,74.7175,75.115,ok,142333752
2020-05-06 20:00:00,75.935,76.2925,75.4925,75.805,ok,115215056
2020-05-07 20:00:00,77.5325,77.5875,76.0725,76.41,ok,134047940
2020-05-10 20:00:00,78.7525,79.2625,76.81,77.025,ok,145946244
2020-05-11 20:00:00,77.8525,79.922,77.7275,79.4575,ok,162301052
2020-05-12 20:00:00,76.9125,78.9875,75.8025,78.0375,ok,200622556
2020-05-13 20:00:00,77.385,77.4475,75.3825,76.1275,ok,158929076
2020-05-14 20:00:00,76.9275,76.975,75.0525,75.0875,ok,166348376
2020-05-17 20:00:00,78.74,79.125,77.581025,78.2925,ok,135372500
2020-05-18 20:00:00,78.285,79.63,78.2525,78.7575,ok,101729540
2020-05-19 20:00:00,79.8075,79.88,79.05,79.17,ok,111504860
2020-05-20 20:00:00,79.2125,80.2225,78.9675,79.665,ok,102688844
2020-05-21 20:00:00,79.7225,79.8075,78.8375,78.9425,ok,81803016
2020-05-25 20:00:00,79.1825,81.06,79.125,80.875,ok,125521816
2020-05-26 20:00:00,79.5275,79.6775,78.2725,79.035,ok,112945096
2020-05-27 20:00:00,79.5625,80.86,78.9075,79.1925,ok,133796412
2020-05-28 20:00:00,79.485,80.2875,79.1175,79.8125,ok,153598128
2020-05-31 20:00:00,80.4625,80.5875,79.3025,79.4375,ok,81018612
2020-06-01 20:00:00,80.835,80.86,79.7325,80.18625,ok,87642816
2020-06-02 20:00:00,81.28,81.55,80.575,81.165,ok,104491216
2020-06-03 20:00:00,80.58,81.405,80.195,81.0975,ok,87560364
2020-06-04 20:00:00,82.875,82.9375,80.8075,80.8375,ok,137250200
2020-06-07 20:00:00,83.365,83.4,81.83,82.5625,ok,95654536
2020-06-08 20:00:00,85.9975,86.4025,83.0025,83.035,ok,147712364
2020-06-09 20:00:00,88.21,88.6925,86.5225,86.975,ok,166651752
2020-06-10 20:00:00,83.975,87.765,83.87,87.3275,ok,201662452
2020-06-11 20:00:00,84.7,86.95,83.555825,86.18,ok,200146052
2020-06-14 20:00:00,85.7475,86.42,83.145,83.3125,ok,138808920
2020-06-15 20:00:00,88.02,88.3,86.18,87.865,ok,165428728
2020-06-16 20:00:00,87.8975,88.85,87.7725,88.7875,ok,114406504
2020-06-17 20:00:00,87.9325,88.3625,87.305,87.8525,ok,96820384
2020-06-18 20:00:00,87.43,89.14,86.2875,88.65875,ok,264475808
2020-06-21 20:00:00,89.7175,89.865,87.7875,87.835,ok,135445264
2020-06-22 20:00:00,91.6325,93.095,90.567525,91.0,ok,212155476
2020-06-23 20:00:00,90.015,92.1975,89.63,91.25,ok,192623396
2020-06-24 20:00:00,91.21,91.25,89.3925,90.175,ok,137522512
2020-06-25 20:00:00,88.4075,91.33,88.255,91.1025,ok,205256844
2020-06-28 20:00:00,90.445,90.5434,87.82,88.3125,ok,130646076
2020-06-29 20:00:00,91.2,91.495,90.0,90.02,ok,140223284
2020-06-30 20:00:00,91.0275,91.84,90.9775,91.28,ok,110737236
2020-07-01 20:00:00,91.0275,92.6175,90.91,91.9625,ok,114041468
2020-07-05 20:00:00,93.4625,93.945,92.4675,92.5,ok,118655652
2020-07-06 20:00:00,93.1725,94.655,93.0575,93.8525,ok,112424456
2020-07-07 20:00:00,95.3425,95.375,94.09,94.18,ok,117091880
2020-07-08 20:00:00,95.6825,96.3175,94.6725,96.2625,ok,125642608
2020-07-09 20:00:00,95.92,95.98,94.705175,95.335,ok,90257320
2020-07-12 20:00:00,95.4775,99.955,95.2575,97.265,ok,191649140
2020-07-13 20:00:00,97.0575,97.255,93.8775,94.84,ok,170989364
2020-07-14 20:00:00,97.725,99.2475,96.49,98.99,ok,153197932
2020-07-15 20:00:00,96.5225,97.405,95.905,96.5625,ok,110577672
2020-07-16 20:00:00,96.3275,97.1475,95.84,96.9875,ok,92186900
2020-07-19 20:00:00,98.3575,98.5,96.0625,96.41625,ok,90317908
2020-07-20 20:00:00,97.0,99.25,96.7425,99.1725,ok,103645836
2020-07-21 20:00:00,97.2725,97.975,96.6025,96.6925,ok,89001652
2020-07-22 20:00:00,92.845,97.0775,92.00975,96.998375,ok,197004432
2020-07-23 20:00:00,92.615,92.97,89.145,90.9875,ok,185438864
2020-07-26 20:00:00,94.81,94.905,93.48,93.71,ok,121214192
2020-07-27 20:00:00,93.2525,94.54965,93.2475,94.3675,ok,103625500
2020-07-28 20:00:00,95.04,95.23,93.7125,93.75,ok,90329256
2020-07-29 20:00:00,96.19,96.2975,93.7675,94.1875,ok,158130020
2020-07-30 20:00:00,106.26,106.415,100.825,102.88375,ok,374295468
2020-08-02 20:00:00,108.9375,111.636425,107.8925,108.2,ok,308151388
2020-08-03 20:00:00,109.665,110.79,108.3875,109.1325,ok,172792368
2020-08-04 20:00:00,110.0625,110.3925,108.8975,109.3775,ok,121991952
2020-08-05 20:00:00,113.9025,114.4125,109.7975,110.405,ok,202428900
2020-08-06 20:00:00,111.1125,113.675,110.2925,113.205,ok,198045612
2020-08-09 20:00:00,112.7275,113.775,110.0,112.6,ok,212403424
2020-08-10 20:00:00,109.375,112.4825,109.106675,111.96875,ok,187902376
2020-08-11 20:00:00,113.01,113.275,110.2975,110.4975,ok,165944820
2020-08-12 20:00:00,115.01,116.0425,113.9275,114.43,ok,210082064
2020-08-13 20:00:00,114.9075,115.0,113.045,114.82875,ok,165565208
2020-08-16 20:00:00,114.6075,116.0875,113.962525,116.0625,ok,119561444
2020-08-17 20:00:00,115.5625,116.0,114.0075,114.3525,ok,105633540
2020-08-18 20:00:00,115.7075,117.1625,115.61,115.98325,ok,145538008
2020-08-19 20:00:00,118.275,118.392,115.733375,115.75,ok,126907188
2020-08-20 20:00:00,124.37,124.868,119.25,119.2625,ok,338054640
2020-08-23 20:00:00,125.8575,128.785,123.93625,128.6975,ok,345937768
2020-08-24 20:00:00,124.825,125.1793,123.0525,124.6975,ok,211495788
2020-08-25 20:00:00,126.5225,126.9925,125.0825,126.179125,ok,163022268
2020-08-26 20:00:00,125.01,127.485,123.8325,127.1425,ok,155552384
2020-08-27 20:00:00,124.8075,126.4425,124.5775,126.0125,ok,187629916
2020-08-30 20:00:00,129.04,131.0,126.0,127.58,ok,225702688
2020-08-31 20:00:00,134.18,134.8,130.53,132.76,ok,152470142
2020-09-01 20:00:00,131.4,137.98,127.0,137.59,ok,200118991
2020-09-02 20:00:00,120.88,128.84,120.5,126.91,ok,257599640
2020-09-03 20:00:00,120.96,123.7,110.89,120.07,ok,332607163
2020-09-07 20:00:00,112.82,118.99,112.68,113.95,ok,231366563
2020-09-08 20:00:00,117.32,119.14,115.26,117.26,ok,176940455
2020-09-09 20:00:00,113.49,120.5,112.5,120.36,ok,182274391
2020-09-10 20:00:00,112.0,115.23,110.0,114.57,ok,180860325
2020-09-13 20:00:00,115.355,115.93,112.8,114.72,ok,140150087
2020-09-14 20:00:00,115.54,118.829,113.61,118.33,ok,184642039
2020-09-15 20:00:00,112.13,116.0,112.04,115.23,ok,155026675
2020-09-16 20:00:00,110.34,112.2,108.71,109.72,ok,178010968
2020-09-17 20:00:00,106.84,110.88,106.09,110.4,ok,287104882
2020-09-20 20:00:00,110.08,110.19,103.1,104.54,ok,195713815
2020-09-21 20:00:00,111.81,112.86,109.16,112.68,ok,183055373
2020-09-22 20:00:00,107.12,112.11,106.77,111.62,ok,150718671
2020-09-23 20:00:00,108.22,110.25,105.0,105.17,ok,167743349
2020-09-24 20:00:00,112.28,112.44,107.67,108.43,ok,149981441
2020-09-27 20:00:00,114.96,115.32,112.78,115.01,ok,137672403
2020-09-28 20:00:00,114.09,115.31,113.57,114.55,ok,100060526
2020-09-29 20:00:00,115.81,117.26,113.62,113.79,ok,142675184
2020-09-30 20:00:00,116.79,117.72,115.83,117.64,ok,116120440
2020-10-01 20:00:00,113.02,115.37,112.22,112.89,ok,144711986
2020-10-04 20:00:00,116.5,116.65,113.55,113.91,ok,106243839
2020-10-05 20:00:00,113.16,116.12,112.25,115.7,ok,161498212
2020-10-06 20:00:00,115.08,115.55,114.13,114.62,ok,96848985
2020-10-07 20:00:00,114.97,116.4,114.5901,116.25,ok,83477153
2020-10-08 20:00:00,116.97,117.0,114.92,115.28,ok,100506865
2020-10-11 20:00:00,124.4,125.18,119.2845,120.06,ok,240226769
2020-10-12 20:00:00,121.1,125.39,119.65,125.27,ok,262330451
2020-10-13 20:00:00,121.19,123.03,119.62,121.0,ok,151062308
2020-10-14 20:00:00,120.71,121.2,118.15,118.72,ok,112559219
2020-10-15 20:00:00,119.02,121.548,118.81,121.28,ok,115393808
2020-10-18 20:00:00,115.98,120.419,115.66,119.96,ok,120639337
2020-10-19 20:00:00,117.51,118.98,115.63,116.2,ok,124423728
2020-10-20 20:00:00,116.87,118.705,116.45,116.67,ok,89945980
2020-10-21 20:00:00,115.75,118.04,114.59,117.45,ok,101987954
2020-10-22 20:00:00,115.04,116.55,114.28,116.39,ok,82572645
2020-10-25 20:00:00,115.05,116.55,112.88,114.01,ok,111850657
2020-10-26 20:00:00,116.6,117.28,114.5399,115.49,ok,92276772
2020-10-27 20:00:00,111.2,115.43,111.1,115.05,ok,143937823
2020-10-28 20:00:00,115.32,116.93,112.2,112.37,ok,146129173
2020-10-29 20:00:00,108.86,111.99,107.72,111.06,ok,190573476
2020-11-01 19:00:00,108.77,110.68,107.32,109.11,ok,122866899
2020-11-02 19:00:00,110.44,111.49,108.73,109.66,ok,107624448
2020-11-03 19:00:00,114.95,115.59,112.35,114.14,ok,138235482
2020-11-04 19:00:00,119.03,119.62,116.8686,117.95,ok,126387074
2020-11-05 19:00:00,118.69,119.2,116.13,118.32,ok,114457922
2020-11-08 19:00:00,116.32,121.99,116.05,120.5,ok,154515315
2020-11-09 19:00:00,115.97,117.59,114.13,115.55,ok,138023390
2020-11-10 19:00:00,119.49,119.63,116.44,117.19,ok,112294954
2020-11-11 19:00:00,119.21,120.53,118.57,119.62,ok,103350674
2020-11-12 19:00:00,119.26,119.6717,117.87,119.44,ok,81688586
2020-11-15 19:00:00,120.3,120.99,118.146,118.92,ok,91183018
2020-11-16 19:00:00,119.39,120.6741,118.96,119.55,ok,74270973
2020-11-17 19:00:00,118.03,119.82,118.0,118.61,ok,76322111
2020-11-18 19:00:00,118.64,119.06,116.81,117.59,ok,74112972
2020-11-19 19:00:00,117.34,118.77,117.29,118.64,ok,73604287
2020-11-22 19:00:00,113.85,117.6202,113.75,117.18,ok,127959318
2020-11-23 19:00:00,115.17,115.85,112.59,113.91,ok,113874218
2020-11-24 19:00:00,116.03,116.75,115.17,115.55,ok,76499234
2020-11-26 19:00:00,116.59,117.49,116.22,116.57,ok,46691331
2020-11-29 19:00:00,119.05,120.97,116.81,116.97,ok,169410176
2020-11-30 19:00:00,122.72,123.4693,120.01,121.01,ok,128166803
2020-12-01 19:00:00,123.08,123.37,120.89,122.02,ok,89004195
2020-12-02 19:00:00,122.94,123.78,122.21,123.52,ok,78967630
2020-12-03 19:00:00,122.25,122.8608,121.52,122.6,ok,78260421
2020-12-06 19:00:00,123.75,124.57,122.25,122.31,ok,86711990
2020-12-07 19:00:00,124.38,124.98,123.09,124.37,ok,82225512
2020-12-08 19:00:00,121.78,125.95,121.0,124.53,ok,115089193
2020-12-09 19:00:00,123.24,123.87,120.15,120.5,ok,81312170
2020-12-10 19:00:00,122.41,122.76,120.55,122.43,ok,86939786
2020-12-13 19:00:00,121.78,123.35,121.54,122.6,ok,79075988
2020-12-14 19:00:00,127.88,127.9,124.13,124.34,ok,157572262
2020-12-15 19:00:00,127.81,128.37,126.56,127.41,ok,98208591
2020-12-16 19:00:00,128.7,129.58,128.045,128.9,ok,94359811
2020-12-17 19:00:00,126.655,129.1,126.12,128.96,ok,192541496
2020-12-20 19:00:00,128.23,128.31,123.449,125.02,ok,121251553
2020-12-21 19:00:00,131.88,134.405,129.65,131.61,ok,169351825
2020-12-22 19:00:00,130.96,132.43,130.78,132.16,ok,88223692
2020-12-23 19:00:00,131.97,133.46,131.1,131.32,ok,54930064
2020-12-27 19:00:00,136.69,137.34,133.51,133.99,ok,124486237
2020-12-28 19:00:00,134.87,138.789,134.3409,138.05,ok,121047324
2020-12-29 19:00:00,133.72,135.99,133.4,135.58,ok,96452124
2020-12-30 19:00:00,132.69,134.74,131.72,134.08,ok,99116586
2021-01-03 19:00:00,129.41,133.6116,126.76,133.52,ok,143301887
2021-01-04 19:00:00,131.01,131.74,128.43,128.89,ok,97664898
2021-01-05 19:00:00,126.6,131.0499,126.382,127.72,ok,155087970
2021-01-06 19:00:00,130.92,131.63,127.86,128.36,ok,109578157
2021-01-07 19:00:00,132.05,132.63,130.23,132.43,ok,105158245
2021-01-10 19:00:00,128.98,130.17,128.5,129.19,ok,100620880
2021-01-11 19:00:00,128.8,129.69,126.86,128.5,ok,91951145
2021-01-12 19:00:00,130.89,131.45,128.49,128.76,ok,88636831
2021-01-13 19:00:00,128.91,131.0,128.76,130.8,ok,90221755
2021-01-14 19:00:00,127.14,130.2242,127.0,128.78,ok,111598531
2021-01-18 19:00:00,127.83,128.71,126.938,127.78,ok,90757329
2021-01-19 19:00:00,132.03,132.49,128.55,128.66,ok,104319489
2021-01-20 19:00:00,136.87,139.67,133.59,133.8,ok,120529544
2021-01-21 19:00:00,139.07,139.85,135.02,136.28,ok,114459360
2021-01-24 19:00:00,142.92,145.09,136.54,143.07,ok,157611713
2021-01-25 19:00:00,143.16,144.3,141.37,143.6,ok,98390555
2021-01-26 19:00:00,142.06,144.3,140.41,143.43,ok,140843759
2021-01-27 19:00:00,137.09,141.99,136.7,139.52,ok,142621128
2021-01-28 19:00:00,131.96,136.74,130.21,135.83,ok,177523812
2021-01-31 19:00:00,134.14,135.38,130.93,133.75,ok,106239823
2021-02-01 19:00:00,134.99,136.31,134.61,135.73,ok,83305367
2021-02-02 19:00:00,133.94,135.77,133.61,135.76,ok,89880937
2021-02-03 19:00:00,137.39,137.4,134.59,136.3,ok,84183061
2021-02-04 19:00:00,136.76,137.42,135.86,137.35,ok,75693830
2021-02-07 19:00:00,136.91,136.96,134.92,136.03,ok,71297214
2021-02-08 19:00:00,136.01,137.877,135.85,136.62,ok,76774213
2021-02-09 19:00:00,135.39,136.99,134.4,136.48,ok,73046563
2021-02-10 19:00:00,135.13,136.39,133.77,135.9,ok,64280029
2021-02-11 19:00:00,135.37,135.53,133.6921,134.35,ok,60145130
2021-02-15 19:00:00,133.19,136.01,132.79,135.49,ok,80576316
2021-02-16 19:00:00,130.84,132.22,129.47,131.25,ok,98085249
2021-02-17 19:00:00,129.71,129.995,127.41,129.2,ok,96856748
2021-02-18 19:00:00,129.87,130.71,128.8,130.24,ok,87668834
2021-02-21 19:00:00,126.0,129.72,125.6,128.01,ok,103916419
2021-02-22 19:00:00,125.86,126.71,118.39,123.76,ok,158273022
2021-02-23 19:00:00,125.35,125.56,122.23,124.94,ok,111039904
2021-02-24 19:00:00,120.99,126.4585,120.54,124.68,ok,148199540
2021-02-25 19:00:00,121.26,124.85,121.2,122.59,ok,164560394
2021-02-28 19:00:00,127.79,127.93,122.79,123.75,ok,116307892
2021-03-01 19:00:00,125.12,128.72,125.01,128.41,ok,102260945
2021-03-02 19:00:00,122.06,125.71,121.84,124.81,ok,112966340
2021-03-03 19:00:00,120.13,123.6,118.62,121.75,ok,178154975
2021-03-04 19:00:00,121.42,121.935,117.57,120.98,ok,153766601
2021-03-07 19:00:00,116.36,121.0,116.21,120.93,ok,154376610
2021-03-08 19:00:00,121.085,122.06,118.79,119.03,ok,129525780
2021-03-09 19:00:00,119.98,122.17,119.45,121.69,ok,111943326
2021-03-10 19:00:00,121.96,123.21,121.26,122.54,ok,103026514
2021-03-11 19:00:00,121.03,121.17,119.16,120.4,ok,88105050
2021-03-14 20:00:00,123.99,124.0,120.42,121.41,ok,92590555
2021-03-15 20:00:00,125.57,127.22,124.715,125.7,ok,115227936
2021-03-16 20:00:00,124.76,125.8599,122.336,124.05,ok,111932636
2021-03-17 20:00:00,120.53,123.18,120.32,122.88,ok,121469755
2021-03-18 20:00:00,119.99,121.43,119.675,119.9,ok,185549522
2021-03-21 20:00:00,123.39,123.87,120.26,120.33,ok,111912284
2021-03-22 20:00:00,122.54,124.24,122.14,123.33,ok,95467142
2021-03-23 20:00:00,120.09,122.9,120.065,122.82,ok,88530485
2021-03-24 20:00:00,120.59,121.66,119.0,119.54,ok,98844681
2021-03-25 20:00:00,121.21,121.48,118.92,120.35,ok,94071234
2021-03-28 20:00:00,121.39,122.58,120.7299,121.65,ok,80819203
2021-03-29 20:00:00,119.9,120.4031,118.86,120.11,ok,85671919
2021-03-30 20:00:00,122.15,123.52,121.15,121.65,ok,118323826
2021-03-31 20:00:00,123.0,124.18,122.49,123.66,ok,75089134
2021-04-04 20:00:00,125.9,126.1601,123.07,123.87,ok,88651175
2021-04-05 20:00:00,126.21,127.13,125.65,126.5,ok,80171253
2021-04-06 20:00:00,127.9,127.92,125.14,125.83,ok,83466716
2021-04-07 20:00:00,130.36,130.39,128.52,128.95,ok,88844591
2021-04-08 20:00:00,132.995,133.04,129.47,129.8,ok,106686703
2021-04-11 20:00:00,131.24,132.85,130.63,132.52,ok,91419983
2021-04-12 20:00:00,134.43,134.66,131.93,132.44,ok,91266545
2021-04-13 20:00:00,132.03,135.0,131.655,134.94,ok,87222782
2021-04-14 20:00:00,134.5,135.0,133.64,133.82,ok,89347102
2021-04-15 20:00:00,134.16,134.67,133.28,134.3,ok,84922386
2021-04-18 20:00:00,134.84,135.47,133.34,133.51,ok,94264215
2021-04-19 20:00:00,133.11,135.53,131.81,135.02,ok,94812349
2021-04-20 20:00:00,133.5,133.75,131.3001,132.36,ok,68847136
2021-04-21 20:00:00,131.94,134.15,131.41,133.04,ok,84566456
2021-04-22 20:00:00,134.32,135.12,132.16,132.16,ok,78756779
2021-04-25 20:00:00,134.72,135.06,133.56,134.83,ok,66905069
2021-04-26 20:00:00,134.39,135.41,134.11,135.01,ok,66015804
2021-04-27 20:00:00,133.58,135.02,133.08,134.31,ok,107760097
2021-04-28 20:00:00,133.48,137.07,132.45,136.47,ok,151100953
2021-04-29 20:00:00,131.46,133.56,131.065,131.78,ok,109839466
2021-05-02 20:00:00,132.54,134.07,131.83,132.04,ok,75135100
2021-05-03 20:00:00,127.85,131.4899,126.7,131.19,ok,137564718
2021-05-04 20:00:00,128.1,130.45,127.97,129.2,ok,84000900
2021-05-05 20:00:00,129.74,129.75,127.13,127.89,ok,78128334
2021-05-06 20:00:00,130.21,131.2582,129.475,130.85,ok,78973273
2021-05-09 20:00:00,126.85,129.54,126.81,129.41,ok,88071229
2021-05-10 20:00:00,125.91,126.27,122.77,123.5,ok,126142826
2021-05-11 20:00:00,122.77,124.64,122.25,123.4,ok,112172282
2021-05-12 20:00:00,124.97,126.15,124.26,124.58,ok,105861339
2021-05-13 20:00:00,127.45,127.89,125.85,126.25,ok,81917951
2021-05-16 20:00:00,126.27,126.93,125.17,126.82,ok,74244624
2021-05-17 20:00:00,124.85,126.99,124.78,126.56,ok,63342929
2021-05-18 20:00:00,124.69,124.915,122.86,123.16,ok,92611989
2021-05-19 20:00:00,127.31,127.72,125.1,125.23,ok,76857123
2021-05-20 20:00:00,125.43,128.0,125.21,127.82,ok,79295436
2021-05-23 20:00:00,127.1,127.94,125.94,126.01,ok,63092945
2021-05-24 20:00:00,126.9,128.32,126.32,127.82,ok,72009482
2021-05-25 20:00:00,126.85,127.39,126.42,126.955,ok,56575920
2021-05-26 20:00:00,125.28,127.64,125.08,126.44,ok,94625601
2021-05-27 20:00:00,124.61,125.8,124.55,125.57,ok,71311100
